Workbook
Name Identical_Circuits__1_2: 'R-410A_Calculator'!$C$6

Sheet Changelog
A1: Rev | B1: Date | C1: By | D1: Includes
A2: D | B2: 41960 | C2: JWE | D2: Updated rep list. Checked table values in ASHRAE 2014 Refrigebook for suction, discharge, and Liquid line Capacities
A3: F | B3: 42377 | C3: JWE | D3: Updated Rep list. Included Suction Trap diagram
A4: G | B4: 42510 | C4: JWE | D4: Updated recommended oil to add to system in piping notes
A5: H | B5: 42485 | C5: JWE | D5: Updated dropdown menus to include Digital scroll option. Added CDI/Updated to rep roster
A6: I | B6: 43515 | C6: JWE | D6: Added 60ft riser details and changed HGBP logic to consider minimum valve position
A7: J | B7: 43563 | C7: JWE | D7: Updated dropdown menu to have new single circuit options
A8: 6 | B8: TBD | C8: JWE | D8: Update Discharge line logic (see notes); Add Refrigerant charge estiamte (3rd page); Update notes to say Max combined suction riser to 60, trap and bleed with diagram

Sheet R-410A_Calculator
A1: REFRIGERANT PIPING REVIEW | M1: Circuit #+MM:M | N1: Superheat | O1: Condensing Temp | P1: Discharge Temp | Q1: Fittings | R1: Refrigeration | V1: Reps | X1: RCS | Y1: Capacity | Z1: Staging
M2: #1 | N2: oF | O2: oF | P2: oF | Q2: Click here to select fitting. | R2: =((D10*12000)/(120.83-28.85))/0.7 -> 1658.7457 | S2: lb/h min. refrigerant flow @ 45°F SST
A3: Job Name: | C3: 20241002001 - Inspira IMC Mannington Pharmacy | H3: Rep Office: | I3: TriState HVAC Equipment, LLP | M3: #2 | N3: 10 | O3: Select | Q3: 90° Std Elbow | R3: 71.51 | S3: lb/c.f. density of liquid refrigerant @ 45°F | V3: Air Cond. Equip. Sales, Inc. | X3: RCS06F-079 | Y3: Nominal = 6.5 tons (CKT#1 = 1 - 6.5 ton compressor) | Z3: Staging = 0-100
A4: Job Description: | C4: DCSA040 (fixed speeds on both circuit) coupled with Skyline DXG12C12 | H4: Sales Person: | I4: Mark Lombardi | M4: Identical Circuits (1=2) | O4: 80 | Q4: 90° Long Radius Elbow | R4: =R2/(R3*60) -> 0.38659994 | S4: CFM of liquid refrigerant | V4: Air Reps | X4: RCS07G-091 | Y4: Nominal = 7.5 tons (CKT#1 = 1 - 7.5 ton compressor) | Z4: Staging = 0-100
A5: Model Number: | H5: Date: | I5: =TODAY() -> 45728 | M5: Fixed Scroll on #1, Digital Scroll on #2 | O5: 90 | Q5: 90° Street Elbow | R5: =1/0.4314 -> 2.3180343 | S5: lb/c.f. density of refrigerant vapor @ 55°F | V5: Air Tech Equipment Inc. | X5: RCS10G-121 | Y5: Nominal = 10 tons (CKT#1 = 1 - 10 ton compressor, two stage) | Z5: Staging = 0-100
A6: Circuit #: | C6: Identical Circuits (1=2) | O6: 100 | Q6: 45° Std Elbow | R6: =R2/(R5*60) -> 11.926382 | S6: CFM of refrigerant vapor, Suction | V6: Airetech Corp. | X6: RCS11F-125 | Y6: Nominal = 10 tons (CKT#1 = 2 - 5 ton compressors) | Z6: Staging = 0-50-100
O7: 110 | Q7: 45° Street Elbow | R7: =1/0.1114 -> 8.9766607 | S7: lb/c.f. density of saturated refrigerant vapor @ 125°F | V7: Allegheny Engineering Co. | X7: RCS12F-150 | Y7: Nominal = 12.5 tons (CKT#1 = 2 - 6.3 ton compressors) | Z7: Staging = 0-50-100 | AB7: 426725
A8: Refrigerant | D8: R-410A | O8: 120 | Q8: 180° Std Elbow | R8: =R7*(125+460.6)/(180+460.6) -> 8.2059514 | S8: lb/c.f. density of superheated refrigerant vapor @ 180°F | V8: Applied Air Engineering, Inc. | X8: RCS15F-180 | Y8: Nominal = 15 tons (CKT#1 = 2 - 7.5 ton compressors) | Z8: Staging = 0-50-100 | AB8: =AB7/2 -> 213362.5
A9: Circuit Cooling Capacity | D9: 17.8 | E9: TONS | F9: CKT#1 = 2 fixed speed compressors, CKT#2 = 2 fixed speed compressors | O9: 130 | Q9: Flow Through Branch | R9: =R2/(R8*60) -> 3.3689892 | S9: CFM of refrigerant vapor | V9: Briggs Equipment Sales | X9: RCS20F-240 | Y9: Nominal = 20 tons (CKT#1 = 2 - 10 ton compressors) | Z9: Staging = 0-50-100 | AB9: =AB8/12000 -> 17.780208
A10: Minimum Circuit Cooling Capacity | D10: =+D9/2 -> 8.9 | E10: TONS | F10: Staging = 0-25-50-75-100 | Q10: Straight-Through Flow No Reduction | V10: Brooks Air Systems, Inc. | X10: RCS015D | Y10: Nominal = 15 tons (CKT#1 = 1 - 7 ton compressor, CKT#2 = 1 - 7 ton compressor) | Z10: Staging = 0-50-100
A11: Condensing Temperature | D11: 120 | E11: oF | F11: Assumed | Q11: Straight-Through Flow Reduced 1/4 | S11: Type L | T11: Cross Section | V11: Carroll Air Systems, Inc. | X11: RCS016D | Y11: Nominal = 15 tons (CKT#1 = 1 - 7 ton compressor, CKT#2 = 1 - 7 ton compressor) | Z11: Staging = 0-50-100
A12: Saturated Suction Temperature (SST) | D12: 40 | E12: oF | F12: Enter Value between -60oF & 40oF | Q12: Straight-Through Flow Reduced 1/2 | R12: Pipe size O.D. | S12: I.D. | T12: (SF) | V12: CDI | X12: RCS020D | Y12: Nominal = 20 tons (CKT#1 = 1 - 10 ton compressor, CKT#2 = 2 - 4.5 ton compressors) | Z12: Staging = 0-25-50-75-100
A13: Superheat | D13: 10 | E13: oF | F13: Assumed | Q13: Globe or Solenoid Valve | R13: 0.5 | S13: 0.43 | T13: =(PI()*(S13^2)/4)/144 -> 0.0010084731 | V13: Climatec, Inc. | X13: RCS020D (Digital) | Y13: Nominal = 20 tons (CKT#1 = 1 - 10 ton Fixed Speed, CKT#2 = 1 - 10 ton Digital Scroll) | Z13: Modulating Control with Digital Compressor
A14: Discharge Refrigerant Temperature | D14: =IF(D11=80,140,IF(D11=100,160,IF(D11=120,180,190))) -> 180 | E14: oF | F14: Required if designing discharge line. | Q14: 60° Wye Valve | R14: 0.625 | S14: 0.545 | T14: =(PI()*(S14^2)/4)/144 -> 0.0016200201 | V14: Controls & Equipment | X14: RCS021D | Y14: Nominal = 20 tons (CKT#1 = 1 - 10 ton compressor, CKT#2 = 2 - 4.5 ton compressors) | Z14: Staging = 0-25-50-75-100
A15: (Circuit cooling capacity based off Refrigeration Effect from condenser tech data sheets) | Q15: 45° Wye Valve | R15: 0.75 | S15: 0.666 | T15: =(PI()*(S15^2)/4)/144 -> 0.0024192227 | V15: D & B Eng. of New Jersey, Inc. | X15: RCS025D | Y15: Nominal = 25 tons (CKT#1 = 1 - 11.5 ton compressor, CKT#2 = 2 - 5.5 ton compressors) | Z15: Staging = 0-25-50-75-100
C16: LIQUID LINE | Q16: Angle Valve | R16: 0.875 | S16: 0.785 | T16: =(PI()*(S16^2)/4)/144 -> 0.003360986 | V16: Daikin Applied Birmingham | X16: RCS025D (Digital) | Y16: Nominal = 25 tons (CKT#1 = 1 - 11.5 ton Fixed Speed, CKT#2 = 1 - 11.5 ton Digital Scroll)) | Z16: Modulating Control with Digital Compressor
Q17: Gate Valve | R17: 1.125 | S17: 1.025 | T17: =(PI()*(S17^2)/4)/144 -> 0.0057302705 | V17: Daikin Applied Atlanta | X17: RCS026D | Y17: Nominal = 25 tons (CKT#1 = 1 - 11.5 ton compressor, CKT#2 = 2 - 5.5 ton compressors) | Z17: Staging = 0-25-50-75-100
C18: Fitting/Valve Losses in Equivalent Feet of Pipe | H18: Table Data | Q18: Swing Check | R18: 1.375 | S18: 1.265 | T18: =(PI()*(S18^2)/4)/144 -> 0.0087278734 | V18: Daikin Applied New York | X18: RCS030D | Y18: Nominal = 30 tons (CKT#1 = 1 - 13 ton compressor, CKT#2 = 2 - 6 ton compressors) | Z18: Staging = 0-25-50-75-100
C19: Accessory | D19: Quantity | E19: Equivalent Losses | H19: Table Le | I19: ='R-410A_Data'!C25 -> 100 | J19: FEET | Q19: Sight Glass | R19: 1.625 | S19: 1.505 | T19: =(PI()*(S19^2)/4)/144 -> 0.012353795 | V19: Daikin Applied South Florida | X19: RCS030D (Digital) | Y19: Nominal = 30 tons (CKT#1 = 1 - 13 ton Fixed Speed, CKT#2 = 1-13 ton Digital Scroll) | Z19: Modulating Control with Digital Compressor
C20: 90° Std Elbow | D20: 8 | E20: ='R-410A_Equivalent_Length'!D30 -> 12 | F20: FEET | H20: Table Dt | I20: ='R-410A_Data'!C27 -> 1 | J20: oF | Q20: Filter Drier | R20: 2.125 | S20: 1.985 | T20: =(PI()*(S20^2)/4)/144 -> 0.021490594 | V20: Daikin Applied Latin America | X20: RCS031D | Y20: Nominal = 30 tons (CKT#1 = 1 - 13 ton compressor, CKT#2 = 2 - 6 ton compressors) | Z20: Staging = 0-25-50-75-100
C21: 45° Std Elbow | D21: 0 | E21: ='R-410A_Equivalent_Length'!D36 -> 0 | F21: FEET | H21: Table DP | I21: ='R-410A_Data'!K8 -> 4.75 | J21: PSI | Q21: Suction Filter | R21: 2.625 | S21: 2.465 | T21: =(PI()*(S21^2)/4)/144 -> 0.033140666 | V21: ElitAir, Inc. | X21: RCS035D | Y21: Nominal = 35 tons (CKT#1 = 2 - 7.5 ton compressors, CKT#2 = 2 - 7.5 ton compressors) | Z21: Staging = 0-25-50-75-100
C22: Globe or Solenoid Valve | D22: 1 | E22: ='R-410A_Equivalent_Length'!D42 -> 17.5 | F22: FEET | H22: Table Capacity | I22: ='R-410A_Data'!O9 -> 14.3 | J22: TONS | Q22: Other | R22: 3.125 | S22: 2.945 | T22: =(PI()*(S22^2)/4)/144 -> 0.047304013 | V22: Engineered Equipment, Inc. | X22: RCS040D | Y22: Nominal = 40 tons (CKT#1 = 2 - 8.5 ton compressors, CKT#2 = 2 - 8.5 ton compressors) | Z22: Staging = 0-25-50-75-100
C23: Sight Glass | D23: 1 | E23: ='R-410A_Equivalent_Length'!I30 -> 1.1 | F23: FEET | H23: Actual / Operating Conditions | R23: 3.625 | S23: 3.425 | T23: =(PI()*(S23^2)/4)/144 -> 0.063980634 | V23: Enviroair Industries Inc. | X23: RCS042D | Y23: Nominal = 40 tons (CKT#1 = 2 - 8.5 ton compressors, CKT#2 = 2 - 8.5 ton compressors) | Z23: Staging = 0-25-50-75-100
C24: Filter Drier | D24: 1 | E24: ='R-410A_Equivalent_Length'!I36 -> 13.5 | F24: FEET | H24: Actual Le | I24: =SUM(E27,E20:E25)+12 -> 116.1 | J24: FEET | R24: 4.125 | S24: 3.905 | T24: =(PI()*(S24^2)/4)/144 -> 0.083170529 | V24: Ewing/Kessler Mech Solutions | X24: RCS045D | Y24: Nominal = 40 tons (CKT#1 = 2 - 10 ton compressors, CKT#2 = 2 - 10 ton compressors) | Z24: Staging = 0-25-50-75-100
C25: Click here to select fitting. | D25: 0 | E25: ='R-410A_Equivalent_Length'!I42 -> 0 | F25: FEET | H25: Actual Dt | I25: =I20*(I24/I19)*(D9/I22)^1.8 -> 1.7218026 | J25: oF | R25: 5.125 | S25: 4.875 | T25: =(PI()*(S25^2)/4)/144 -> 0.12962138 | V25: Gardiner | X25: RCS050D | Y25: Nominal = 50 tons (CKT#1 = 2 - 11.5 ton compressors, CKT#2 = 2 - 11.5 ton compressors) | Z25: Staging = 0-25-50-75-100
H26: Actual DP | I26: =I21*(I25/I20) -> 8.1785623 | J26: PSI | R26: 6.125 | S26: 5.845 | T26: =(PI()*(S26^2)/4)/144 -> 0.18633585 | V26: Global Mechanical Sys. Ltd. | X26: RCS051D | Y26: Nominal = 50 tons (CKT#1 = 2 - 11.5 ton compressors, CKT#2 = 2 - 11.5 ton compressors) | Z26: Staging = 0-25-50-75-100
C27: Length of Straight Pipe | E27: 60 | F27: FEET | H27: Line Capacity | I27: =I22*((I19/I24)*(I25/I20))^0.55 -> 17.761072 | J27: TONS | R27: 8.125 | S27: 7.725 | T27: =(PI()*(S27^2)/4)/144 -> 0.32548004 | V27: Global Price Mechanical | X27: RCS060D | Y27: Nominal = 60 tons (CKT#1 = 2 - 13 ton compressors, CKT#2 = 2 - 13 ton compressors) | Z27: Staging = 0-25-50-75-100
C28: Velocity at Rated Circuit Capacity | D28: =IF(E28<100,"Too Low",IF(E28>330,"Too High","Acceptable")) -> Acceptable | E28: =R4*(D9/D10)/VLOOKUP(I28,$R$13:$T$27,3,FALSE) -> 319.60674 | F28: Feet/Min. | H28: Size of Liquid Line | I28: =IF(E27=0,"N/A",'R-410A_Data'!P9) -> 0.75 | J28: INCHES | V28: H.V.A.C. Sales, Ltd. | X28: RCS062D | Y28: Nominal = 60 tons (CKT#1 = 2 - 13 ton compressors, CKT#2 = 2 - 13 ton compressors) | Z28: Staging = 0-25-50-75-100
C29: Calculations Based on Ch. 1, 2014 ASHRAE Handbook REFRIGERATION | V29: Harrison Energy Partners | X29: RCS063D | Y29: Nominal = 60 tons (CKT#1 = 2 - 13 ton compressors, CKT#2 = 2 - 13 ton compressors) | Z29: Staging = 0-25-50-75-100
V30: Havtech | X30: RCS068D | Y30: Nominal = 70 tons (CKT#1 = 2 - 15 ton compressors, CKT#2 = 2 - 15 ton compressorss) | Z30: Staging = 0-25-50-75-100
C31: SUCTION LINE | V31: Heaven Engineering Co. | X31: RCS070D | Y31: Nominal = 70 tons (CKT#1 = 3 - 10 ton compressors, CKT#2 = 3 - 10 ton compressors) | Z31: Staging = 0-16-33-50-67-83-100
V32: Hoffman & Hoffman, Inc. | X32: RCS071D | Y32: Nominal = 70 tons (CKT#1 = 3 - 10 ton compressors, CKT#2 = 3 - 10 ton compressors) | Z32: Staging = 0-16-33-50-67-83-100
C33: Fitting/Valve Losses in Equivalent Feet of Pipe | H33: Table Data - Horizontal Pipe | V33: HTS New England | X33: RCS072D | Y33: Nominal = 70 tons (CKT#1 = 3 - 10 ton compressors, CKT#2 = 3 - 10 ton compressors) | Z33: Staging = 0-16-33-50-67-83-100
C34: Accessory | D34: Quantity | E34: Equivalent Losses | H34: Table Le | I34: ='R-410A_Data'!C25 -> 100 | J34: FEET | V34: HTS Engineering Ltd. | X34: RCS075D | Y34: Nominal = 75 tons (CKT#1 = 3 - 11.5 ton compressors, CKT#2 = 3 - 11.5 ton compressors) | Z34: Staging = 0-16-33-50-67-83-100
C35: 90° Std Elbow | D35: 8 | E35: ='R-410A_Equivalent_Length'!O30 -> 26.4 | F35: FEET | H35: Table Dt | I35: ='R-410A_Data'!C26 -> 2 | J35: oF | V35: I.T.C. Technologies | X35: RCS079D | Y35: Nominal = 80 tons (CKT#1 = 3 - 11.5 ton compressors, CKT#2 = 3 - 13 ton compressors) | Z35: Staging = 0-16-33-50-67-83-100
C36: 45° Std Elbow | D36: 0 | E36: ='R-410A_Equivalent_Length'!O36 -> 0 | F36: FEET | H36: Table DP | I36: ='R-410A_Data'!AK7 -> 4.5063 | J36: PSI | V36: Indiana Thermal Solutions | X36: RCS080D | Y36: Nominal = 80 tons (CKT#1 = 3 - 11.5 ton compressors, CKT#2 = 3 - 11.5 ton compressors) | Z36: Staging = 0-16-33-50-67-83-100
C37: Click here to select fitting. | D37: 0 | E37: ='R-410A_Equivalent_Length'!O42 -> 0 | F37: FEET | H37: Table Capacity | I37: ='R-410A_Data'!AP8 -> 13.74 | J37: TONS | V37: Kehoe Equipment Ltd. | X37: RCS081D | Y37: Nominal = 80 tons (CKT#1 = 3 - 11.5 ton compressors, CKT#2 = 3 - 11.5 ton compressors) | Z37: Staging = 0-16-33-50-67-83-100
C38: (Assumes ?? traps) | H38: Actual / Operating Conditions - Horizontal Pipe | V38: Long Building Tech | X38: RCS085D | Y38: Nominal = 85 tons (CKT#1 = 3 - 13 ton compressors, CKT#2 = 3 - 13 ton compressors) | Z38: Staging = 0-16-33-50-67-83-100
C39: Length of Horizontal Suction Pipe | E39: =E27-E45 -> 55 | F39: FEET | H39: Actual Le | I39: =SUM(E39,E35:E37)+12 -> 93.4 | J39: FEET | V39: M & M Engineering Limited | X39: RCS090D | Y39: Nominal = 90 tons (CKT#1 = 3 - 13 ton compressors, CKT#2 = 3 - 13 ton compressors) | Z39: Staging = 0-16-33-50-67-83-100
C40: Horizontal Suction @ Min CKT Capacity | D40: =IF(E40<500,"Too Low","Acceptable") -> Acceptable | E40: =R6/VLOOKUP(E52,$R$13:$T$27,3,FALSE) -> 1366.4705 | F40: Ft. / Min | H40: Actual Dt | I40: =I35*(I39/I34)*(D9/I37)^1.8 -> 2.9768487 | J40: oF | V40: Mason & Barry, Inc. | X40: RCS091D | Y40: Nominal = 90 tons (CKT#1 = 3 - 13 ton compressors, CKT#2 = 3 - 13 ton compressors) | Z40: Staging = 0-16-33-50-67-83-100
H41: Actual DP | I41: =I36*(I40/I35) -> 6.7072866 | J41: PSI | V41: Masters Building Solutions | X41: RCS092D | Y41: Nominal = 90 tons (CKT#1 = 3 - 13 ton compressors, CKT#2 = 3 - 13 ton compressors) | Z41: Staging = 0-16-33-50-67-83-100
C42: Determine Size of Suction Riser for Minimum Capacity | H42: Line Capacity | I42: =I37*((I34/I39)*(I40/I35))^0.55 -> 17.753978 | J42: TONS | V42: McQuay National Accts | X42: RCS100D | Y42: Nominal = 100 tons (CKT#1 = 3 - 13 ton compressors, CKT#2 = 3 - 15 ton compressors) | Z42: Staging = 0-16-33-50-67-83-100
C43: Minimum Capacity of HVAC Unit | E43: =IF(E45=0,"N/A",D10) -> 8.9 | F43: TONS | H43: Size of Suction Line | I43: =IF(E39=0,"N/A",'R-410A_Data'!AQ8) -> 1.375 | J43: INCHES | V43: McQuay Caribe Inc | X43: RCS101D | Y43: Nominal = 100 tons (CKT#1 = 3 - 13 ton compressors, CKT#2 = 3 - 15 ton compressors) | Z43: Staging = 0-16-33-50-67-83-100
C44: Size of Suction Line Riser | E44: =IF(E45=0,"N/A",'R-410A_Min_Suction_Riser_Cap'!W21) -> 1.375 | F44: INCHES | V44: Mechanical Conmponents Limited | X44: RCS105D | Y44: Nominal = 105 tons (CKT#1 = 3 - 15 ton compressors, CKT#2 = 3 - 15 ton compressors) | Z44: Staging = 0-16-33-50-67-83-100
C45: Length of Vertical Suction Riser (MAX 60 ft total) | E45: 5 | F45: FEET | H45: Table Data - Suction Riser | V45: Mechanical Concepts, LLC | X45: RCS110D | Y45: Nominal = 110 tons (CKT#1 = 3 - 15 ton compressors, CKT#2 = 3 - 15 ton compressors) | Z45: Staging = 0-16-33-50-67-83-100
C46: Vertical Suction Riser, @ Min. CKT Capacity | D46: =IF(E46<1000,"Too Low","Acceptable") -> Acceptable | E46: =R6/VLOOKUP(E53,$R$13:$T$27,3,FALSE) -> 1366.4705 | F46: Ft. / Min | H46: Table Le | I46: ='R-410A_Data'!C25 -> 100 | J46: FEET | V46: Mechanical Products Intermountain | X46: RCS120D | Y46: Nominal = 120 tons (CKT#1 = 3 - 15 ton compressors, CKT#2 = 3 - 20 ton compressors) | Z46: Staging = 0-16-33-50-67-83-100
H47: Table Dt | I47: ='R-410A_Data'!C26 -> 2 | J47: oF | V47: Mechanical Resource Group | X47: RCS125D | Y47: Nominal = 125 tons (CKT#1 = 3 - 20 ton compressors, CKT#2 = 3 - 20 ton compressors) | Z47: Staging = 0-16-33-50-67-83-100
H48: Table DP | I48: ='R-410A_Data'!AK7 -> 4.5063 | J48: PSI | V48: Mechanical Sales, Inc. | X48: RCS130D | Y48: Nominal = 130 tons (CKT#1 = 3 - 20 ton compressors, CKT#2 = 3 - 20 ton compressors) | Z48: Staging = 0-16-33-50-67-83-100
C49: Actual / Operating Conditions - Total | H49: Table Capacity | I49: ='R-410A_Min_Suction_Riser_Cap'!AC19 -> 13.736828 | J49: TONS | V49: Mid-South Equipment | X49: RCS140D | Y49: Nominal = 140 tons (CKT#1 = 3 - 20 ton compressors, CKT#2 = 3 - 25 ton compressors) | Z49: Staging = 0-16-33-50-67-83-100
C50: Actual Dt | E50: =I52+I40 -> 3.1362751 | F50: oF | H50: Actual / Operating Conditions - Suction Riser | V50: Midwest Engineering Ltd.
C51: Actual DP | E51: =I53+I41 -> 7.0664983 | F51: PSI | H51: Actual Le | I51: =E45 -> 5 | J51: FEET | V51: Modular Comfort Systems, Inc.
C52: Size of Horizontal Suction Line | E52: =I43 -> 1.375 | F52: INCHES | H52: Actual Dt | I52: =I47*(I51/I46)*(D9/I49)^1.8 -> 0.15942645 | J52: oF | V52: Norbryhn Equipment Company
C53: Size of Vertical Suction Riser | E53: =E44 -> 1.375 | F53: INCHES | H53: Actual DP | I53: =I48*(I52/I47) -> 0.35921171 | J53: PSI | V53: Norman Wright Mech. Equip. Corp.
C54: Minimum Capacity for Vertical Suction Riser | E54: =IF(E45=0,"N/A",'R-410A_Min_Suction_Riser_Cap'!W24) -> 3.12744 | F54: TONS | H54: Line Capacity | I54: =IF(E45=0,"N/A",I49*((I46/I51)*(I52/I47))^0.55) -> 17.753937 | J54: TONS | V54: Norman S. Wright-Climatec Mech
C55: Calculations Based on Ch. 1, 2014 ASHRAE Handbook REFRIGERATION | V55: O'Connell Inc., R.P.
V56: O'Connor Company
C57: HOT GAS BYPASS LINE | V57: Olympic International Agy, Ltd.
V58: Perry Mechanical Systems
C59: Estimate HGBP Valve Capacity | H59: Table Data | V59: Schwab-Vollhaber-Lubratt, Inc.
C60: Minimum Compressor Capacity | E60: =D10 -> 8.9 | F60: Tons | H60: Table Le | I60: ='R-410A_Data'!C25 -> 100 | J60: FEET | V60: Stinebaugh & Company
C61: Min. System Capacity (if unknown estimate 5 tons) | E61: =IF(E60/2<8,E60/2,E60-8) -> 4.45 | F61: Tons | H61: Table Dt | I61: ='R-410A_Data'!C28 -> 1 | J61: oF | V61: Swan Associates, Inc.
C62: HGBP Valve Capacity | E62: =E60-E61 -> 4.45 | F62: Tons | H62: Table DP | I62: ='R-410A_Data'!C29 -> 4.75 | J62: PSI | V62: Thermal Environment Sales
C63: Velocity at HGBP Valve Capacity | E63: =R9*(E62/D10)/VLOOKUP(I69,$R$13:$T$27,3,FALSE) -> 1039.7986 | F63: Ft. / Min | H63: Table Capacity | I63: ='R-410A_Data'!AK31 -> 2.727944 | J63: TONS | V63: Thermal Equipment
H64: Actual / Operating Conditions | V64: Thermal Mechanics, Inc.
C65: Fitting/Valve Losses in Equivalent Feet of Pipe | H65: Actual Le | I65: =SUM(E71,E67:E69)+12 -> 100.2 | J65: FEET | V65: Thermal Mechanics, Inc. - KC
C66: Accessory | D66: Quantity | E66: Equivalent Losses | H66: Actual Dt | I66: =I61*(I65/I60)*(E62/I63)^1.8 -> 2.417753 | J66: oF | V66: Thermal-Netics, Inc.
C67: 90° Std Elbow | D67: =D20 -> 8 | E67: ='R-410A_Equivalent_Length'!AA30 -> 11.2 | F67: FEET | H67: Actual DP | I67: =I62*(I66/I61) -> 11.484327 | J67: PSI | V67: Thermaltech
C68: 45° Std Elbow | D68: =D21 -> 0 | E68: ='R-410A_Equivalent_Length'!AA36 -> 0 | F68: FEET | H68: Line Capacity | I68: =I63*((I60/I65)*(I66/I61))^0.55 -> 4.4282769 | J68: TONS | V68: Thermosystems, Inc.
C69: Globe or Solenoid Valve | D69: 1 | E69: ='R-410A_Equivalent_Length'!AA42 -> 17 | F69: FEET | H69: Size of HGBP Line | I69: =IF(E71=0,"N/A",'R-410A_Data'!AL31) -> 0.625 | J69: INCHES | V69: T.P. Woodside Inc
V70: TriState HVAC Equipment, LLP
C71: Length of Straight Pipe | E71: =E27 -> 60 | F71: FEET | V71: Varitech Solutions
C72: Calculations Based on Ch. 1, 2014 ASHRAE Handbook REFRIGERATION | T72: Anything below is hidden | V72: Vemco, Inc.
C73: DISCHARGE LINE
C75: Fitting/Valve Losses in Equivalent Feet of Pipe | H75: Table Data - Horizontal Pipe
C76: Accessory | D76: Quantity | E76: Equivalent Losses | H76: Table Le | I76: ='R-410A_Data'!C25 -> 100 | J76: FEET
C77: 90° Std Elbow | D77: =D20 -> 8 | E77: ='R-410A_Equivalent_Length'!U30 -> 26.4 | F77: FEET | H77: Table Dt | I77: ='R-410A_Data'!C28 -> 1 | J77: oF
C78: 45° Std Elbow | D78: =D21 -> 0 | E78: ='R-410A_Equivalent_Length'!U36 -> 0 | F78: FEET | H78: Table DP | I78: ='R-410A_Data'!C29 -> 4.75 | J78: PSI
C79: Click here to select fitting. | D79: 0 | E79: ='R-410A_Equivalent_Length'!U42 -> 0 | F79: FEET | H79: Table Capacity | I79: ='R-410A_Data'!AF31 -> 25.077576 | J79: TONS
H80: Actual / Operating Conditions - Horizontal Pipe
C81: Length of Horizontal Discharge Pipe | E81: =E27-E87 -> 60 | F81: FEET | H81: Actual Le | I81: =SUM(E81,E77:E79)+12 -> 98.4 | J81: FEET
C82: Horizontal Discharge @ Min CKT Capacity | D82: =IF(E82<500,"Too Low","Acceptable") -> Too Low | E82: =R9/VLOOKUP(E93,$R$13:$T$27,3,FALSE) -> 386.00344 | F82: Ft. / Min | H82: Actual Dt | I82: =I77*(I81/I76)*(D9/I79)^1.8 -> 0.5309298 | J82: oF
H83: Actual DP | I83: =I78*(I82/I77) -> 2.5219166 | J83: PSI
C84: Determine Size of Discharge Riser for Minimum Capacity | H84: Line Capacity | I84: =I79*((I76/I81)*(I82/I77))^0.55 -> 17.861119 | J84: TONS
C85: Minimum Capacity of HVAC Unit | E85: =IF(E87=0,"N/A",D10) -> N/A | F85: TONS | H85: Size of Discharge Line | I85: ='R-410A_Data'!AG31 -> 1.375 | J85: INCHES
C86: Size of Discharge Line Riser | E86: =IF(E87=0,"N/A",'R-410A_Min_Hot-Gas_Riser_Cap'!W20) -> N/A | F86: INCHES
C87: Length of Vertical Discharge Riser | E87: 0 | F87: FEET | H87: Table Data - Discharge Riser
C88: Vertical Discharge Riser, @ Min. CKT Cap. | D88: =IF(E88<1000,"Too Low","Acceptable") -> #N/A | E88: =R9/VLOOKUP(E94,$R$13:$T$27,3,FALSE) -> #N/A | F88: Ft. / Min | H88: Table Le | I88: ='R-410A_Data'!C25 -> 100 | J88: FEET
H89: Table Dt | I89: ='R-410A_Data'!C28 -> 1 | J89: oF
C90: Actual / Operating Conditions - Total | H90: Table DP | I90: ='R-410A_Data'!C29 -> 4.75 | J90: PSI
C91: Actual Dt | E91: =I94+I82 -> 0.5309298 | F91: oF | H91: Table Capacity | I91: ='R-410A_Min_Hot-Gas_Riser_Cap'!AC18 -> 25.077576 | J91: TONS
C92: Actual DP | E92: =I95+I83 -> 2.5219166 | F92: PSI | H92: Actual / Operating Conditions - Discharge Riser
C93: Size of Horizontal Discharge Line | E93: =IF(E81=0,"N/A",I85) -> 1.375 | F93: INCHES | H93: Actual Le | I93: =E87 -> 0 | J93: FEET
C94: Size of Vertical Discharge Riser | E94: =E86 -> N/A | F94: INCHES | H94: Actual Dt | I94: =I89*(I93/I88)*(D9/I91)^1.8 -> 0 | J94: oF
C95: Minimum Capacity for Vertical Discharge Riser | E95: =IF(E87=0,"N/A",'R-410A_Min_Hot-Gas_Riser_Cap'!W23) -> N/A | F95: TONS | H95: Actual DP | I95: =I90*(I94/I89) -> 0 | J95: PSI
H96: Line Capacity | I96: =IF(E87=0,"N/A",I91*((I88/I93)*(I94/I89))^0.55) -> N/A | J96: TONS
C97: Calculations Based on Ch. 2, 2006 ASHRAE Handbook REFRIGERATION
B99: Also, please reference notes below:
B100: • Refer to installation manual 903 (C vintage), 914-4 (D vintage), or 962 (F vintage), and Application Guide 31-011 for equipment installation and piping requirements. The installation manuals include recommendations for best piping practices, and are summarized below.
B101: equipment installation and piping requirements. The installation manuals include recommendations for best
B102: piping practices, and are summarized below.
...

Sheet R-410A_Data
A1: 2006 ASHRAE Handbook Refrigeration | F1: Table Data | H1: Inputs | J1: Calculated Data | L1: Curve Fit Data
A3: Table 8 Suction, discharge, and Liquid Line Capacities in Tons for Refrigerant 410A | AN3: Determines Minimum Suction Line Size
A4: Line Size | B4: Suction Lines (Dt = 2oF) | G4: Discharge Lines (Dt = 1oF, Dp = 4.75 psi) | I4: Line Size | J4: Liquid Lines | M4: Determines Minimum Liquid Line Size | W4: Info Found Below Table 8 | AA4: Interpolation of Suction & Discharge Multipliers | AJ4: Table 8 - Curve Fit w/ Suction Multiplier | AN4: Suction Line Capacity | AO4: Look Up Sufficient Suction Line Capacity | AP4: Determine Minimum Suction Line Capacity | AQ4: Corresponding Suction Line Size, OD
B5: Saturated Suction Temperature, oF | J5: See notes a | M5: Look Up Sufficient Liquid Line Capacities | N5: Line Size | O5: Determine Minimum Liquid Line Capacity | P5: Corresponding Liquid Line Size, OD | R5: Suction Line Curve Fit | W5: Condensing Temperature | X5: Suction Line | Y5: Discharge Line | AA5: Act. Cond. Temp. | AB5: Min # for Interpolation | AC5: Max # for Interpolation | AD5: Known x's | AE5: Known y's Suction | AF5: Known y's Discharge | AG5: Suction Line | AH5: Discharge Line | AJ5: SST | AK5: Curve Fit | AL5: Suction Line Capacity | AM5: Type L Copper, OD
A6: Type L Copper, OD | B6: -40 | C6: -20 | D6: 0 | E6: 20 | F6: 40 | G6: Saturated Suction Temperature, oF | I6: Type L Copper, OD | J6: Vel = | K6: Dt = 1oF | N6: Type L Copper, OD | R6: SST | S6: Curve Fit | T6: =A6 -> Type L Copper, OD | U6: Suction Line Capacity | AJ6: oF | AK6: Dp (psi/100ft) | AN6: tons
B7: Corresponding Dp, psi/100ft | J7: fpm | K7: Dp (psi) = | R7: oF | S7: Dp (psi/100ft) | W7: oF | X7: multiplier | Y7: multiplier | AA7: oF | AG7: multiplier | AH7: multiplier | AJ7: =R8 -> 40 | AK7: =S8 -> 4.5063 | AL7: tons | AN7: ='R-410A_Calculator'!D9 -> 17.8
B8: 1.27 | C8: 1.85 | D8: 2.57 | E8: 3.46 | F8: 4.5 | G8: -40 | H8: 40 | J8: 100 | K8: 4.75 | R8: ='R-410A_Calculator'!D12 -> 40 | S8: =0.0002*R8^2 + 0.0403*R8 + 2.5743 -> 4.5063 | U8: tons | W8: 80 | X8: 1.17 | Y8: 0.815 | AA8: ='R-410A_Calculator'!D11 -> 120 | AB8: =IF($AA$8>=W8,W8,"") -> 80 | AC8: =IF($AA$8<=W8,W8,"") | AD8: =MAX(AB8:AB13) -> 120 | AE8: =VLOOKUP(AD8,W8:Y13,2) -> 0.889 | AF8: =VLOOKUP(AD8,W8:Y13,3) -> 1.096 | AG8: =IF(AA8=80,X8,IF(AA8=90,X9,IF(AA8=100,X10,IF(AA8=110,X11,IF(AA8=120,X12,IF(AA8=130,X13,FORECAST(AA8,AE8:AE9,AD8:AD9))))))) -> 0.889 | AH8: =IF(AA8=80,Y8,IF(AA8=90,Y9,IF(AA8=100,Y10,IF(AA8=110,Y11,IF(AA8=120,Y12,IF(AA8=130,Y13,FORECAST(AA8,AF8:AF9,AD8:AD9))))))) -> 1.096 | AL8: =$AG$8*U9 -> 0.7879207 | AM8: =A9 -> 0.5 | AO8: =IF(AL8>=$AN$7,AL8,"") | AP8: =MIN(AO8:AO22) -> 13.74 | AQ8: =VLOOKUP(AP8,AL8:AM22,2) -> 1.375
A9: 0.5 | B9: 0.17 | C9: 0.27 | D9: 0.42 | E9: 0.62 | F9: 0.89 | G9: 1.17 | H9: 1.33 | I9: =A9 -> 0.5 | J9: 2 | K9: 4.6 | M9: =IF(K9>='R-410A_Calculator'!$D$9,'R-410A_Data'!K9,"") | N9: =A9 -> 0.5 | O9: =MIN(M9:M20) -> 14.3 | P9: =VLOOKUP(O9,K9:N20,4) -> 0.75 | T9: =A9 -> 0.5 | U9: =0.00007*R8^2 + 0.0089*R8 + 0.4183 -> 0.8863 | W9: 90 | X9: 1.104 | Y9: 0.889 | AB9: =IF($AA$8>=W9,W9,"") -> 90 | AC9: =IF($AA$8<=W9,W9,"") | AD9: =MIN(AC8:AC13) -> 120 | AE9: =VLOOKUP(AD9,W8:Y13,2) -> 0.889 | AF9: =VLOOKUP(AD9,W8:Y13,3) -> 1.096 | AL9: =$AG$8*U10 -> 1.445514 | AM9: =A10 -> 0.625 | AO9: =IF(AL9>=$AN$7,AL9,"")
A10: 0.625 | B10: 0.31 | C10: 0.51 | D10: 0.79 | E10: 1.17 | F10: 1.67 | G10: 2.2 | H10: 2.49 | I10: =A10 -> 0.625 | J10: 3.2 | K10: 8.6 | M10: =IF(K10>='R-410A_Calculator'!$D$9,'R-410A_Data'!K10,"") | N10: =A10 -> 0.625 | T10: =A10 -> 0.625 | U10: =0.0001*R8^2 + 0.0169*R8 + 0.79 -> 1.626 | W10: 100 | X10: 1.035 | Y10: 0.963 | AB10: =IF($AA$8>=W10,W10,"") -> 100 | AC10: =IF($AA$8<=W10,W10,"") | AL10: =$AG$8*U11 -> 2.5060021 | AM10: =A11 -> 0.75 | AO10: =IF(AL10>=$AN$7,AL10,"")
A11: 0.75 | B11: 0.53 | C11: 0.87 | D11: 1.35 | E11: 2 | F11: 2.84 | G11: 3.74 | H11: 4.23 | I11: =A11 -> 0.75 | J11: 1.7 | K11: 14.3 | M11: 14.3 | N11: =A11 -> 0.75 | T11: =A11 -> 0.75 | U11: =0.0002*R8^2 + 0.0287*R8 + 1.3509 -> 2.8189 | W11: 110 | X11: 0.964 | Y11: 1.032 | AB11: =IF($AA$8>=W11,W11,"") -> 110 | AC11: =IF($AA$8<=W11,W11,"") | AL11: =$AG$8*U12 -> 3.8491033 | AM11: =A12 -> 0.875 | AO11: =IF(AL11>=$AN$7,AL11,"")
A12: 0.875 | B12: 0.83 | C12: 1.35 | D12: 2.08 | E12: 3.08 | F12: 4.39 | G12: 5.76 | H12: 6.52 | I12: =A12 -> 0.875 | J12: 6.7 | K12: 22.6 | M12: =IF(K12>='R-410A_Calculator'!$D$9,'R-410A_Data'!K12,"") -> 22.6 | N12: =A12 -> 0.875 | T12: =A12 -> 0.875 | U12: =0.0003*R8^2 + 0.0442*R8 + 2.0817 -> 4.3297 | W12: 120 | X12: 0.889 | Y12: 1.096 | AB12: =IF($AA$8>=W12,W12,"") -> 120 | AC12: =IF($AA$8<=W12,W12,"") -> 120 | AL12: =$AG$8*U13 -> 7.9164561 | AM12: =A13 -> 1.125 | AO12: =IF(AL12>=$AN$7,AL12,"")
A13: 1.125 | B13: 1.69 | C13: 2.74 | D13: 4.22 | E13: 6.23 | F13: 8.86 | G13: 11.64 | H13: 13.17 | I13: =A13 -> 1.125 | J13: 11.4 | K13: 45.8 | M13: =IF(K13>='R-410A_Calculator'!$D$9,'R-410A_Data'!K13,"") -> 45.8 | N13: =A13 -> 1.125 | T13: =A13 -> 1.125 | U13: =0.0007*R8^2 + 0.0891*R8 + 4.2209 -> 8.9049 | W13: 130 | X13: 0.808 | Y13: 1.16 | AB13: =IF($AA$8>=W13,W13,"") | AC13: =IF($AA$8<=W13,W13,"") -> 130 | AL13: =$AG$8*U14 -> 13.736828 | AM13: =A14 -> 1.375 | AO13: 13.74
A14: 1.375 | B14: 2.95 | C14: 4.78 | D14: 7.34 | E14: 10.82 | F14: 15.41 | G14: 20.21 | H14: 22.88 | I14: =A14 -> 1.375 | J14: 17.4 | K14: 79.7 | M14: =IF(K14>='R-410A_Calculator'!$D$9,'R-410A_Data'!K14,"") -> 79.7 | N14: =A14 -> 1.375 | T14: =A14 -> 1.375 | U14: =0.0012*R8^2 + 0.1548*R8 + 7.34 -> 15.452 | AL14: =$AG$8*U15 -> 21.572474 | AM14: =A15 -> 1.625 | AO14: =IF(AL14>=$AN$7,AL14,"") -> 21.572474
A15: 1.625 | B15: 4.67 | C15: 7.56 | D15: 11.61 | E15: 17.14 | F15: 24.28 | G15: 31.92 | H15: 36.14 | I15: =A15 -> 1.625 | J15: 24.6 | K15: 125.9 | M15: =IF(K15>='R-410A_Calculator'!$D$9,'R-410A_Data'!K15,"") -> 125.9 | N15: =A15 -> 1.625 | T15: =A15 -> 1.625 | U15: =0.0018*R8^2 + 0.244*R8 + 11.626 -> 24.266 | AL15: =$AG$8*U16 -> 44.581572 | AM15: =A16 -> 2.125 | AO15: =IF(AL15>=$AN$7,AL15,"") -> 44.581572
A16: 2.125 | B16: 9.71 | C16: 15.71 | D16: 24.05 | E16: 35.45 | F16: 50.19 | G16: 65.88 | H16: 75.57 | I16: =A16 -> 2.125 | J16: 42.8 | K16: 260.7 | M16: =IF(K16>='R-410A_Calculator'!$D$9,'R-410A_Data'!K16,"") -> 260.7 | N16: =A16 -> 2.125 | T16: =A16 -> 2.125 | U16: =0.0037*R8^2 + 0.5035*R8 + 24.088 -> 50.148 | AL16: =$AG$8*U17 -> 78.424913 | AM16: =A17 -> 2.625 | AO16: =IF(AL16>=$AN$7,AL16,"") -> 78.424913
A17: 2.625 | B17: 17.17 | C17: 27.74 | D17: 42.45 | E17: 62.53 | F17: 88.43 | G17: 115.9 | H17: 131.2 | I17: =A17 -> 2.625 | J17: 66 | K17: 459.7 | M17: =IF(K17>='R-410A_Calculator'!$D$9,'R-410A_Data'!K17,"") -> 459.7 | N17: =A17 -> 2.625 | T17: =A17 -> 2.625 | U17: =0.0064*R8^2 + 0.8865*R8 + 42.517 -> 88.217 | AL17: =$AG$8*U18 -> 124.9205 | AM17: =A18 -> 3.125 | AO17: =IF(AL17>=$AN$7,AL17,"") -> 124.9205
A18: 3.125 | B18: 27.44 | C18: 44.24 | D18: 67.77 | E18: 99.53 | F18: 140.83 | G18: 184.62 | H18: 208.98 | I18: =A18 -> 3.125 | J18: 94.2 | K18: 733 | M18: =IF(K18>='R-410A_Calculator'!$D$9,'R-410A_Data'!K18,"") -> 733 | N18: =A18 -> 3.125 | T18: =A18 -> 3.125 | U18: =0.0102*R8^2 + 1.4103*R8 + 67.786 -> 140.518 | AL18: =$AG$8*U19 -> 185.15381 | AM18: =A19 -> 3.625 | AO18: =IF(AL18>=$AN$7,AL18,"") -> 185.15381
A19: 3.625 | B19: 40.84 | C19: 65.81 | D19: 100.5 | E19: 147.66 | F19: 208.65 | G19: 273.54 | H19: 309.64 | I19: =A19 -> 3.625 | J19: 127.4 | K19: 1087.5 | M19: =IF(K19>='R-410A_Calculator'!$D$9,'R-410A_Data'!K19,"") -> 1087.5 | N19: =A19 -> 3.625 | T19: =A19 -> 3.625 | U19: =0.0151*R8^2 + 2.0873*R8 + 100.62 -> 208.272 | AL19: =$AG$8*U20 -> 260.75259 | AM19: =A20 -> 4.125 | AO19: =IF(AL19>=$AN$7,AL19,"") -> 260.75259
A20: 4.125 | B20: 57.58 | C20: 92.66 | D20: 141.61 | E20: 208.22 | F20: 293.7 | G20: 385.08 | H20: 435.9 | I20: =A20 -> 4.125 | J20: 165.7 | K20: 1530.2 | M20: =IF(K20>='R-410A_Calculator'!$D$9,'R-410A_Data'!K20,"") -> 1530.2 | N20: =A20 -> 4.125 | T20: =A20 -> 4.125 | U20: =0.0212*R8^2 + 2.939*R8 + 141.83 -> 293.31 | AL20: =$AG$8*U21 -> 464.3087 | AM20: =A21 -> 5.125 | AO20: =IF(AL20>=$AN$7,AL20,"") -> 464.3087
A21: 5.125 | B21: 103.03 | C21: 165.73 | D21: 253.05 | E21: 370.82 | F21: 523.21 | G21: 686.18 | H21: 776.72 | I21: =A21 -> 5.125 | J21: 258.2 | K21: 2729.8 | M21: =IF(K21>='R-410A_Calculator'!$D$9,'R-410A_Data'!K21,"") -> 2729.8 | N21: =A21 -> 5.125 | T21: =A21 -> 5.125 | U21: =0.0375*R8^2 + 5.2273*R8 + 253.19 -> 522.282 | AL21: =$AG$8*U22 -> 745.23803 | AM21: =A22 -> 6.125 | AO21: =IF(AL21>=$AN$7,AL21,"") -> 745.23803
A22: 6.125 | B22: 166 | C22: 266.14 | D22: 405.75 | E22: 594.85 | F22: 839.82 | G22: 1099.1 | H22: 1244.13 | I22: =A22 -> 6.125 | J22: 371.1 | K22: 4383.7 | M22: =IF(K22>='R-410A_Calculator'!$D$9,'R-410A_Data'!K22,"") -> 4383.7 | N22: =A22 -> 6.125 | T22: =A22 -> 6.125 | U22: =0.0606*R8^2 + 8.3817*R8 + 406.06 -> 838.288 | AL22: =$AG$8*U23 -> 1537.8811 | AM22: =A23 -> 8.125 | AO22: =IF(AL22>=$AN$7,AL22,"") -> 1537.8811
A23: 8.125 | B23: 344.31 | C23: 551.73 | D23: 840.04 | E23: 1229.69 | F23: 1733.02 | G23: 2268.62 | H23: 2567.98 | I23: =A23 -> 8.125 | J23: 648.3 | K23: 9049.5 | M23: =IF(K23>='R-410A_Calculator'!$D$9,'R-410A_Data'!K23,"") -> 9049.5 | N23: =A23 -> 8.125 | T23: =A23 -> 8.125 | U23: =0.1238*R8^2 + 17.277*R8 + 840.74 -> 1729.9
A25: Table is based on | C25: 100 | D25: feet of equivalent length, Le. | W25: Portion of Table 8
A26: Suction Line Table Dt | C26: 2 | D26: oF | W26: Discharge Lines (Dt = 1oF, Dp = 3.05 psi) | Z26: Discharge Line Curve Fit | AB26: Curve Fit w/mulitplier | AD26: Determines Minimum Discharge Line Size | AI26: Determines Minimum HGBP Line Size
A27: Liquid Line Table Dt | C27: 1 | D27: oF | AD27: Discharge Line Capacity | AE27: Look Up Sufficient Discharge Line Capacity | AF27: Determine Minimum Discharge Line Capacity | AG27: Corresponding Discharge Line Size, OD | AI27: HGBP Line Capacity | AJ27: Look Up Sufficient HGBP Line Capacity | AK27: Determine Minimum HGBP Line Capacity | AL27: Corresponding HGBP Line Size, OD
A28: Discharge Line Table Dt | C28: 1 | D28: oF | W28: Saturated Suction Temperature, oF | Y28: SST | Z28: Discharge Line Capacity | AB28: Discharge Line Capacity | AC28: Type L Copper, OD
A29: Discharge Line Table Dp | C29: 4.75 | D29: PSI | Y29: oF | AD29: tons | AI29: tons
W30: -40 | X30: 40 | Y30: ='R-410A_Calculator'!D12 -> 40 | Z30: tons | AB30: tons | AD30: ='R-410A_Calculator'!D9 -> 17.8 | AI30: ='R-410A_Calculator'!E62/3 -> 1.4833333
W31: =G9 -> 1.17 | X31: =H9 -> 1.33 | Z31: =0.002*Y30 + 1.25 -> 1.33 | AB31: =$AH$8*Z31 -> 1.45768 | AC31: =A9 -> 0.5 | AE31: =IF(AB31>=$AD$30,AB31,"") | AF31: =MIN(AE31:AE44) -> 25.077576 | AG31: =VLOOKUP(AF31,AB31:AC44,2) -> 1.375 | AJ31: =IF(AB31>=$AI$30,AB31,"") | AK31: =MIN(AJ31:AJ40) -> 2.727944 | AL31: =VLOOKUP(AK31,AB31:AC44,2) -> 0.625
W32: =G10 -> 2.2 | X32: =H10 -> 2.49 | Z32: =0.0036*Y30 + 2.345 -> 2.489 | AB32: =$AH$8*Z32 -> 2.727944 | AC32: =A10 -> 0.625 | AE32: =IF(AB32>=$AD$30,AB32,"") | AJ32: =IF(AB32>=$AI$30,AB32,"") -> 2.727944
W33: =G11 -> 3.74 | X33: =H11 -> 4.23 | Z33: =0.0061*Y30 + 3.985 -> 4.229 | AB33: =$AH$8*Z33 -> 4.634984 | AC33: =A11 -> 0.75 | AE33: =IF(AB33>=$AD$30,AB33,"") | AJ33: =IF(AB33>=$AI$30,AB33,"") -> 4.634984
W34: =G12 -> 5.76 | X34: =H12 -> 6.52 | Z34: =0.0095*Y30 + 6.14 -> 6.52 | AB34: =$AH$8*Z34 -> 7.14592 | AC34: =A12 -> 0.875 | AE34: =IF(AB34>=$AD$30,AB34,"") | AJ34: =IF(AB34>=$AI$30,AB34,"") -> 7.14592
A35: Type L Copper | W35: =G13 -> 11.64 | X35: =H13 -> 13.17 | Z35: =0.0191*Y30 + 12.405 -> 13.169 | AB35: =$AH$8*Z35 -> 14.433224 | AC35: =A13 -> 1.125 | AE35: =IF(AB35>=$AD$30,AB35,"") | AJ35: =IF(AB35>=$AI$30,AB35,"") -> 14.433224
A36: OD | B36: ID | C36: Sq. Ft. | W36: =G14 -> 20.21 | X36: =H14 -> 22.88 | Z36: =0.0334*Y30 + 21.545 -> 22.881 | AB36: =$AH$8*Z36 -> 25.077576 | AC36: =A14 -> 1.375 | AE36: =IF(AB36>=$AD$30,AB36,"") -> 25.077576 | AJ36: =IF(AB36>=$AI$30,AB36,"") -> 25.077576
A37: 0.5 | B37: 0.43 | C37: =(B37/2)^2*PI()/144 -> 0.0010084731 | W37: =G15 -> 31.92 | X37: =H15 -> 36.14 | Z37: =0.0527*Y30 + 34.03 -> 36.138 | AB37: =$AH$8*Z37 -> 39.607248 | AC37: =A15 -> 1.625 | AE37: =IF(AB37>=$AD$30,AB37,"") -> 39.607248 | AJ37: =IF(AB37>=$AI$30,AB37,"") -> 39.607248
A38: 0.625 | B38: 0.545 | C38: =(B38/2)^2*PI()/144 -> 0.0016200201 | W38: =G16 -> 65.88 | X38: =H16 -> 75.57 | Z38: =0.1211*Y30 + 70.725 -> 75.569 | AB38: =$AH$8*Z38 -> 82.823624 | AC38: =A16 -> 2.125 | AE38: =IF(AB38>=$AD$30,AB38,"") -> 82.823624 | AJ38: =IF(AB38>=$AI$30,AB38,"") -> 82.823624
A39: 0.75 | B39: 0.666 | C39: =(B39/2)^2*PI()/144 -> 0.0024192227 | W39: =G17 -> 115.9 | X39: =H17 -> 131.2 | Z39: =0.1913*Y30 + 123.55 -> 131.202 | AB39: =$AH$8*Z39 -> 143.79739 | AC39: =A17 -> 2.625 | AE39: =IF(AB39>=$AD$30,AB39,"") -> 143.79739 | AJ39: =IF(AB39>=$AI$30,AB39,"") -> 143.79739
A40: 0.875 | B40: 0.785 | C40: =(B40/2)^2*PI()/144 -> 0.003360986 | W40: =G18 -> 184.62 | X40: =H18 -> 208.98 | Z40: =0.3045*Y30 + 196.8 -> 208.98 | AB40: =$AH$8*Z40 -> 229.04208 | AC40: =A18 -> 3.125 | AE40: =IF(AB40>=$AD$30,AB40,"") -> 229.04208 | AJ40: =IF(AB40>=$AI$30,AB40,"") -> 229.04208
A41: 1.125 | B41: 1.025 | C41: =(B41/2)^2*PI()/144 -> 0.0057302705 | W41: =G19 -> 273.54 | X41: =H19 -> 309.64 | Z41: =0.4512*Y30 + 291.59 -> 309.638 | AB41: =$AH$8*Z41 -> 339.36325 | AC41: =A19 -> 3.625 | AE41: =IF(AB41>=$AD$30,AB41,"") -> 339.36325 | AJ41: =IF(AB41>=$AI$30,AB41,"") -> 339.36325
A42: 1.375 | B42: 1.265 | C42: =(B42/2)^2*PI()/144 -> 0.0087278734 | W42: =G20 -> 385.08 | X42: =H20 -> 435.9 | Z42: =0.6353*Y30 + 410.49 -> 435.902 | AB42: =$AH$8*Z42 -> 477.74859 | AC42: =A20 -> 4.125 | AE42: =IF(AB42>=$AD$30,AB42,"") -> 477.74859 | AJ42: =IF(AB42>=$AI$30,AB42,"") -> 477.74859
A43: 1.625 | B43: 1.505 | C43: =(B43/2)^2*PI()/144 -> 0.012353795 | W43: =G21 -> 686.18 | X43: =H21 -> 776.72 | Z43: =1.1318*Y30 + 731.45 -> 776.722 | AB43: =$AH$8*Z43 -> 851.28731 | AC43: =A21 -> 5.125 | AE43: =IF(AB43>=$AD$30,AB43,"") -> 851.28731 | AJ43: =IF(AB43>=$AI$30,AB43,"") -> 851.28731
A44: 2.125 | B44: 1.985 | C44: =(B44/2)^2*PI()/144 -> 0.021490594 | W44: =G22 -> 1099.1 | X44: =H22 -> 1244.13 | Z44: =1.8129*Y30 + 1171.6 -> 1244.116 | AB44: =$AH$8*Z44 -> 1363.5511 | AC44: =A22 -> 6.125 | AE44: =IF(AB44>=$AD$30,AB44,"") -> 1363.5511 | AJ44: =IF(AB44>=$AI$30,AB44,"") -> 1363.5511
A45: 2.625 | B45: 2.465 | C45: =(B45/2)^2*PI()/144 -> 0.033140666 | W45: =G23 -> 2268.62 | X45: =H23 -> 2567.98 | Z45: =3.742*Y30 + 2418.3 -> 2567.98 | AB45: =$AH$8*Z45 -> 2814.5061 | AC45: =A23 -> 8.125
A46: 3.125 | B46: 2.945 | C46: =(B46/2)^2*PI()/144 -> 0.047304013
A47: 3.625 | B47: 3.425 | C47: =(B47/2)^2*PI()/144 -> 0.063980634
A48: 4.125 | B48: 3.905 | C48: =(B48/2)^2*PI()/144 -> 0.083170529
A49: 5.125 | B49: 4.875 | C49: =(B49/2)^2*PI()/144 -> 0.12962138
A50: 6.125 | B50: 5.845 | C50: =(B50/2)^2*PI()/144 -> 0.18633585
A51: 8.125 | B51: 7.725 | C51: =(B51/2)^2*PI()/144 -> 0.32548004

Sheet R-410A_Equivalent_Length
A1: Fitting Losses in Equivalent Feet of Pipe (Table 16 2006 ASHRAE REFRIGERATION & Table 4 McQuay AG31-011)
B2: Smooth Bend Elbows | H2: Smooth Bend Tee | L2: Valve Losses in Equivalent Feet of Pipe (Table 18 2006 ASHRAE REFRIGERATION, Table 5 McQuay AG31-011)
A3: Click here to select fitting. | B3: 90° Std Elbow | C3: 90° Long Radius Elbow | D3: 90° Street Elbow | E3: 45° Std Elbow | F3: 45° Street Elbow | G3: 180° Std Elbow | H3: Flow Through Branch | I3: Straight-Through Flow No Reduction | J3: Straight-Through Flow Reduced 1/4 | K3: Straight-Through Flow Reduced 1/2 | L3: Globe or Solenoid Valve | M3: 60° Wye Valve | N3: 45° Wye Valve | O3: Angle Valve | P3: Gate Valve | Q3: Swing Check | R3: Sight Glass | S3: Filter Drier | T3: Suction Filter | U3: Other
A4: 0.5 | B4: 1.4 | C4: 0.9 | D4: 2.3 | E4: 0.7 | F4: 1.1 | G4: 2.3 | H4: 2.7 | I4: 0.9 | J4: 1.2 | K4: 1.4 | L4: 17 | M4: 8 | N4: 6 | O4: 6 | P4: 0.6 | Q4: 5 | R4: 1 | S4: 12 | T4: 15 | U4: -1
A5: 0.75 | B5: =(B6-B4)/2+B4 -> 1.5 | C5: =(C6-C4)/2+C4 -> 0.95 | D5: =(D6-D4)/2+D4 -> 2.4 | E5: =(E6-E4)/2+E4 -> 0.75 | F5: =(F6-F4)/2+F4 -> 1.2 | G5: =(G6-G4)/2+G4 -> 2.4 | H5: =(H6-H4)/2+H4 -> 2.85 | I5: =(I6-I4)/2+I4 -> 0.95 | ... T5: =(T6-T4)/2+T4 -> 16 | U5: -1
A6: 0.625 | B6: 1.6 | C6: 1 | D6: 2.5 | E6: 0.8 | F6: 1.3 | G6: 2.5 | H6: 3 | I6: 1 | J6: 1.4 | K6: 1.6 | L6: 18 | M6: 9 | N6: 7 | O6: 7 | P6: 0.7 | Q6: 6 | R6: 1.2 | S6: 15 | T6: 17 | U6: -1
A7: 0.875 | B7: 2 | C7: 1.4 | D7: 3.2 | E7: 0.9 | F7: 1.6 | G7: 3.2 | H7: 4 | I7: 1.4 | J7: 1.9 | K7: 2 | L7: 22 | M7: 11 | N7: 9 | O7: 9 | P7: 0.9 | Q7: 8 | R7: 1.6 | S7: 21 | T7: 22 | U7: -1
A8: 1.125 | B8: 2.6 | C8: 1.7 | D8: 4.1 | E8: 1.3 | F8: 2.1 | G8: 4.1 | H8: 5 | I8: 1.7 | J8: 2.2 | K8: 2.6 | L8: 29 | M8: 15 | N8: 12 | O8: 12 | P8: 1 | Q8: 10 | R8: 2 | S8: 26 | T8: 25 | U8: -1
A9: 1.375 | B9: 3.3 | C9: 2.3 | D9: 5.6 | E9: 1.7 | F9: 3 | G9: 5.6 | H9: 7 | I9: 2.3 | J9: 3.1 | K9: 3.3 | L9: 38 | M9: 20 | N9: 15 | O9: 15 | P9: 1.5 | Q9: 14 | R9: 2.5 | S9: 35 | T9: 36 | U9: -1
A10: 1.625 | B10: 4 | C10: 2.6 | D10: 6.3 | E10: 2.1 | F10: 3.4 | G10: 6.3 | H10: 8 | I10: 2.6 | J10: 3.7 | K10: 4 | L10: 43 | M10: 24 | N10: 18 | O10: 18 | P10: 1.8 | Q10: 16 | R10: 2.6 | S10: -1 | T10: 40 | U10: -1
A11: 2.125 | B11: 5 | C11: 3.3 | D11: 8.2 | E11: 2.6 | F11: 4.5 | G11: 8.2 | H11: 10 | I11: 3.3 | J11: 4.7 | K11: 5 | L11: 55 | M11: 30 | N11: 24 | O11: 24 | P11: 2.3 | Q11: 20 | R11: -1 | S11: -1 | T11: -1 | U11: -1
A12: 2.625 | B12: 6 | C12: 4.1 | D12: 10 | E12: 3.2 | F12: 5.2 | G12: 10 | H12: 12 | I12: 4.1 | J12: 5.6 | K12: 6 | L12: 69 | M12: 35 | N12: 29 | O12: 29 | P12: 2.8 | Q12: 25 | R12: -1 | S12: -1 | T12: -1 | U12: -1
A13: 3.125 | B13: 7.5 | C13: 5 | D13: 12 | E13: 4 | F13: 6.4 | G13: 12 | H13: 15 | I13: 5 | J13: 7 | K13: 7.5 | L13: 84 | M13: 43 | N13: 35 | O13: 35 | P13: 3.2 | Q13: 30 | R13: -1 | S13: -1 | T13: -1 | U13: -1
A14: 3.625 | B14: 9 | C14: 5.9 | D14: 15 | E14: 4.7 | F14: 7.3 | G14: 15 | H14: 18 | I14: 5.9 | J14: 8 | K14: 9 | L14: 100 | M14: 50 | N14: 41 | O14: 41 | P14: 4 | Q14: 35 | R14: -1 | S14: -1 | T14: -1 | U14: -1
A15: 4.125 | B15: 10 | C15: 6.7 | D15: 17 | E15: 5.2 | F15: 8.5 | G15: 17 | H15: 21 | I15: 6.7 | J15: 9 | K15: 10 | L15: 120 | M15: 58 | N15: 47 | O15: 47 | P15: 4.5 | Q15: 40 | R15: -1 | S15: -1 | T15: -1 | U15: -1
A16: 5.125 | B16: 13 | C16: 8.2 | D16: 21 | E16: 6.5 | F16: 11 | G16: 21 | H16: 25 | I16: 8.2 | J16: 12 | K16: 13 | L16: 140 | M16: 71 | N16: 58 | O16: 58 | P16: 6 | Q16: 50 | R16: -1 | S16: -1 | T16: -1 | U16: -1
A17: 6.125 | B17: 16 | C17: 10 | D17: 25 | E17: 7.9 | F17: 13 | G17: 25 | H17: 30 | I17: 10 | J17: 14 | K17: 16 | L17: 170 | M17: 88 | N17: 70 | O17: 70 | P17: 7 | Q17: 60 | R17: -1 | S17: -1 | T17: -1 | U17: -1
A18: 8.125 | B18: 20 | C18: 13 | D18: -1 | E18: 10 | F18: -1 | G18: 33 | H18: 40 | I18: 13 | J18: 18 | K18: 20 | L18: 220 | M18: 115 | N18: 85 | O18: 85 | P18: 9 | Q18: 80 | R18: -1 | S18: -1 | T18: -1 | U18: -1
B19: 2 | C19: 3 | D19: 4 | E19: 5 | F19: 6 | G19: 7 | H19: 8 | I19: 9 | J19: 10 | K19: 11 | L19: 12 | M19: 13 | N19: 14 | O19: 15 | P19: 16 | Q19: 17 | R19: 18 | S19: 19 | T19: 20 | U19: 21
A20: Notes:
B21: Value of -1 in the table represents No data, and prompts the user to enter a value.
B22: In order to search the entire table, the IF() statement needed to be written 4 times (1st - 4th Attempt) due to the limits of the IF() statement in Excel for the Liquid & Suction line componenets below.
A24: Liquid Line Components | L24: Suction Line Components | R24: Discharge Line Components | X24: HGBP Line Components
A25: Liquid Line Size | B25: ='R-410A_Data'!P9 -> 0.75 | L25: Suction Line Size | M25: ='R-410A_Data'!AQ8 -> 1.375 | R25: Discharge Line Size | S25: ='R-410A_Data'!AG31 -> 1.375 | X25: HGBP Line Size | Y25: ='R-410A_Data'!AL31 -> 0.625
A27: 1st Component | F27: 4th Component | L27: 1st Component | R27: 1st Component | X27: 1st Component
A28: ='R-410A_Calculator'!C20 -> 90° Std Elbow | B28: =IF(A28="Click here to select fitting.",0,IF(A28="90° Std Elbow",VLOOKUP($B$25,$A$4:$U$18,2),IF(A28="90° Long Radius Elbow",VLOOKUP($B$25,$A$4:$U$18,3),IF(A28="90° Street Elbow",VLOOKUP($B$25,$A$4:$U$18,4),"FALSE")))) -> 1.5 | C28: 1st Attempt | D28: =IF(MAX(B28:B31)<0,"Enter Value",MAX(B28:B31)) -> 1.5 | E28: FT | F28: ='R-410A_Calculator'!C23 -> Sight Glass | G28: =IF(F28="Click here to select fitting.",0,IF(F28="90° Std Elbow",VLOOKUP($B$25,$A$4:$U$18,2),IF(F28="90° Long Radius Elbow",VLOOKUP($B$25,$A$4:$U$18,3),IF(F28="90° Street Elbow",VLOOKUP($B$25,$A$4:$U$18,4),"FALSE")))) -> FALSE | H28: 1st Attempt | I28: =IF(MAX(G28:G31)<0,"Enter Value",MAX(G28:G31)) -> 1.1 | J28: FT | L28: ='R-410A_Calculator'!C35 -> 90° Std Elbow | M28: =IF(L28="Click here to select fitting.",0,IF(L28="90° Std Elbow",VLOOKUP($M$25,$A$4:$U$18,2),IF(L28="90° Long Radius Elbow",VLOOKUP($M$25,$A$4:$U$18,3),IF(L28="90° Street Elbow",VLOOKUP($M$25,$A$4:$U$18,4),"FALSE")))) -> 3.3 | N28: 1st Attempt | O28: =IF(MAX(M28:M31)<0,"Enter Value",MAX(M28:M31)) -> 3.3 | P28: FT | R28: ='R-410A_Calculator'!C77 -> 90° Std Elbow | S28: =IF(R28="Click here to select fitting.",0,IF(R28="90° Std Elbow",VLOOKUP($S$25,$A$4:$U$18,2),IF(R28="90° Long Radius Elbow",VLOOKUP($S$25,$A$4:$U$18,3),IF(R28="90° Street Elbow",VLOOKUP($S$25,$A$4:$U$18,4),"FALSE")))) -> 3.3 | T28: 1st Attempt | U28: =IF(MAX(S28:S31)<0,"Enter Value",MAX(S28:S31)) -> 3.3 | V28: FT | X28: ='R-410A_Calculator'!C67 -> 90° Std Elbow | Y28: =IF(X28="Click here to select fitting.",0,IF(X28="90° Std Elbow",VLOOKUP($Y$25,$A$4:$U$18,2),IF(X28="90° Long Radius Elbow",VLOOKUP($Y$25,$A$4:$U$18,3),IF(X28="90° Street Elbow",VLOOKUP($Y$25,$A$4:$U$18,4),"FALSE")))) -> 1.4 | Z28: 1st Attempt | AA28: =IF(MAX(Y28:Y31)<0,"Enter Value",MAX(Y28:Y31)) -> 1.4 | AB28: FT
B29: =IF(B28="FALSE",IF(A28="45° Std Elbow",VLOOKUP($B$25,$A$4:$U$18,5),IF(A28="45° Street Elbow",VLOOKUP($B$25,$A$4:$U$18,6),IF(A28="180° Std Elbow",VLOOKUP($B$25,$A$4:$U$18,7),IF(A28="Flow Through Branch",VLOOKUP($B$25,$A$4:$U$18,8),IF(A28="Straight-Through Flow No Reduction",VLOOKUP($B$25,$A$4:$U$18,9),IF(A28="Straight-Through Flow Reduced 1/4",VLOOKUP($B$25,$A$4:$U$18,10),"FALSE"))))))) -> FALSE | C29: 2nd Attempt | D29: ='R-410A_Calculator'!D20 -> 8 | E29: QTY | G29: =IF(G28="FALSE",IF(F28="45° Std Elbow",VLOOKUP($B$25,$A$4:$U$18,5),IF(F28="45° Street Elbow",VLOOKUP($B$25,$A$4:$U$18,6),IF(F28="180° Std Elbow",VLOOKUP($B$25,$A$4:$U$18,7),IF(F28="Flow Through Branch",VLOOKUP($B$25,$A$4:$U$18,8),IF(F28="Straight-Through Flow No Reduction",VLOOKUP($B$25,$A$4:$U$18,9),IF(F28="Straight-Through Flow Reduced 1/4",VLOOKUP($B$25,$A$4:$U$18,10),"FALSE"))))))) -> FALSE | H29: 2nd Attempt | I29: ='R-410A_Calculator'!D23 -> 1 | J29: QTY | M29: =IF(M28="FALSE",IF(L28="45° Std Elbow",VLOOKUP($M$25,$A$4:$U$18,5),IF(L28="45° Street Elbow",VLOOKUP($M$25,$A$4:$U$18,6),IF(L28="180° Std Elbow",VLOOKUP($M$25,$A$4:$U$18,7),IF(L28="Flow Through Branch",VLOOKUP($M$25,$A$4:$U$18,8),IF(L28="Straight-Through Flow No Reduction",VLOOKUP($M$25,$A$4:$U$18,9),IF(L28="Straight-Through Flow Reduced 1/4",VLOOKUP($M$25,$A$4:$U$18,10),"FALSE"))))))) -> FALSE | N29: 2nd Attempt | O29: ='R-410A_Calculator'!D35 -> 8 | P29: QTY | S29: =IF(S28="FALSE",IF(R28="45° Std Elbow",VLOOKUP($S$25,$A$4:$U$18,5),IF(R28="45° Street Elbow",VLOOKUP($S$25,$A$4:$U$18,6),IF(R28="180° Std Elbow",VLOOKUP($S$25,$A$4:$U$18,7),IF(R28="Flow Through Branch",VLOOKUP($S$25,$A$4:$U$18,8),IF(R28="Straight-Through Flow No Reduction",VLOOKUP($S$25,$A$4:$U$18,9),IF(R28="Straight-Through Flow Reduced 1/4",VLOOKUP($S$25,$A$4:$U$18,10),"FALSE"))))))) -> FALSE | T29: 2nd Attempt | U29: ='R-410A_Calculator'!D77 -> 8 | V29: QTY | Y29: =IF(Y28="FALSE",IF(X28="45° Std Elbow",VLOOKUP($Y$25,$A$4:$U$18,5),IF(X28="45° Street Elbow",VLOOKUP($Y$25,$A$4:$U$18,6),IF(X28="180° Std Elbow",VLOOKUP($Y$25,$A$4:$U$18,7),IF(X28="Flow Through Branch",VLOOKUP($Y$25,$A$4:$U$18,8),IF(X28="Straight-Through Flow No Reduction",VLOOKUP($Y$25,$A$4:$U$18,9),IF(X28="Straight-Through Flow Reduced 1/4",VLOOKUP($Y$25,$A$4:$U$18,10),"FALSE"))))))) -> FALSE | Z29: 2nd Attempt | AA29: ='R-410A_Calculator'!D67 -> 8 | AB29: QTY
B30: =IF(B29="FALSE",IF(A28="Straight-Through Flow Reduced 1/2",VLOOKUP($B$25,$A$4:$U$18,11),IF(A28="Globe or Solenoid Valve",VLOOKUP($B$25,$A$4:$U$18,12),IF(A28="60° Wye Valve",VLOOKUP($B$25,$A$4:$U$18,13),IF(A28="45° Wye Valve",VLOOKUP($B$25,$A$4:$U$18,14),IF(A28="Angle Valve",VLOOKUP($B$25,$A$4:$U$18,15),IF(A28="Gate Valve",VLOOKUP($B$25,$A$4:$U$18,16),"FALSE"))))))) -> FALSE | C30: 3rd Attempt | D30: =IF(D28="Enter Value","No Data",D28*D29) -> 12 | E30: FT | G30: =IF(G29="FALSE",IF(F28="Straight-Through Flow Reduced 1/2",VLOOKUP($B$25,$A$4:$U$18,11),IF(F28="Globe or Solenoid Valve",VLOOKUP($B$25,$A$4:$U$18,12),IF(F28="60° Wye Valve",VLOOKUP($B$25,$A$4:$U$18,13),IF(F28="45° Wye Valve",VLOOKUP($B$25,$A$4:$U$18,14),IF(F28="Angle Valve",VLOOKUP($B$25,$A$4:$U$18,15),IF(F28="Gate Valve",VLOOKUP($B$25,$A$4:$U$18,16),"FALSE"))))))) -> FALSE | H30: 3rd Attempt | I30: =IF(I28="Enter Value","No Data",I28*I29) -> 1.1 | J30: FT | M30: =IF(M29="FALSE",IF(L28="Straight-Through Flow Reduced 1/2",VLOOKUP($M$25,$A$4:$U$18,11),IF(L28="Globe or Solenoid Valve",VLOOKUP($M$25,$A$4:$U$18,12),IF(L28="60° Wye Valve",VLOOKUP($M$25,$A$4:$U$18,13),IF(L28="45° Wye Valve",VLOOKUP($M$25,$A$4:$U$18,14),IF(L28="Angle Valve",VLOOKUP($M$25,$A$4:$U$18,15),IF(L28="Gate Valve",VLOOKUP($M$25,$A$4:$U$18,16),"FALSE"))))))) -> FALSE | N30: 3rd Attempt | O30: =IF(O28="Enter Value","No Data",O28*O29) -> 26.4 | P30: FT | S30: =IF(S29="FALSE",IF(R28="Straight-Through Flow Reduced 1/2",VLOOKUP($S$25,$A$4:$U$18,11),IF(R28="Globe or Solenoid Valve",VLOOKUP($S$25,$A$4:$U$18,12),IF(R28="60° Wye Valve",VLOOKUP($S$25,$A$4:$U$18,13),IF(R28="45° Wye Valve",VLOOKUP($S$25,$A$4:$U$18,14),IF(R28="Angle Valve",VLOOKUP($S$25,$A$4:$U$18,15),IF(R28="Gate Valve",VLOOKUP($S$25,$A$4:$U$18,16),"FALSE"))))))) -> FALSE | T30: 3rd Attempt | U30: =IF(U28="Enter Value","No Data",U28*U29) -> 26.4 | V30: FT | Y30: =IF(Y29="FALSE",IF(X28="Straight-Through Flow Reduced 1/2",VLOOKUP($Y$25,$A$4:$U$18,11),IF(X28="Globe or Solenoid Valve",VLOOKUP($Y$25,$A$4:$U$18,12),IF(X28="60° Wye Valve",VLOOKUP($Y$25,$A$4:$U$18,13),IF(X28="45° Wye Valve",VLOOKUP($Y$25,$A$4:$U$18,14),IF(X28="Angle Valve",VLOOKUP($Y$25,$A$4:$U$18,15),IF(X28="Gate Valve",VLOOKUP($Y$25,$A$4:$U$18,16),"FALSE"))))))) -> FALSE | Z30: 3rd Attempt | AA30: =IF(AA28="Enter Value","No Data",AA28*AA29) -> 11.2 | AB30: FT
B31: =IF(B30="FALSE",IF(A28="Swing Check",VLOOKUP($B$25,$A$4:$U$18,17),IF(A28="Sight Glass",VLOOKUP($B$25,$A$4:$U$18,18),IF(A28="Filter Drier",VLOOKUP($B$25,$A$4:$U$18,19),IF(A28="Suction Filter",VLOOKUP($B$25,$A$4:$U$18,20),IF(A28="Other",VLOOKUP($B$25,$A$4:$U$18,21),"FALSE")))))) -> FALSE | C31: 4th Attempt | G31: =IF(G30="FALSE",IF(F28="Swing Check",VLOOKUP($B$25,$A$4:$U$18,17),IF(F28="Sight Glass",VLOOKUP($B$25,$A$4:$U$18,18),IF(F28="Filter Drier",VLOOKUP($B$25,$A$4:$U$18,19),IF(F28="Suction Filter",VLOOKUP($B$25,$A$4:$U$18,20),IF(F28="Other",VLOOKUP($B$25,$A$4:$U$18,21),"FALSE")))))) -> 1.1 | H31: 4th Attempt | M31: =IF(M30="FALSE",IF(L28="Swing Check",VLOOKUP($M$25,$A$4:$U$18,17),IF(L28="Sight Glass",VLOOKUP($M$25,$A$4:$U$18,18),IF(L28="Filter Drier",VLOOKUP($M$25,$A$4:$U$18,19),IF(L28="Suction Filter",VLOOKUP($M$25,$A$4:$U$18,20),IF(L28="Other",VLOOKUP($M$25,$A$4:$U$18,21),"FALSE")))))) -> FALSE | N31: 4th Attempt | S31: =IF(S30="FALSE",IF(R28="Swing Check",VLOOKUP($S$25,$A$4:$U$18,17),IF(R28="Sight Glass",VLOOKUP($S$25,$A$4:$U$18,18),IF(R28="Filter Drier",VLOOKUP($S$25,$A$4:$U$18,19),IF(R28="Suction Filter",VLOOKUP($S$25,$A$4:$U$18,20),IF(R28="Other",VLOOKUP($S$25,$A$4:$U$18,21),"FALSE")))))) -> FALSE | T31: 4th Attempt | Y31: =IF(Y30="FALSE",IF(X28="Swing Check",VLOOKUP($Y$25,$A$4:$U$18,17),IF(X28="Sight Glass",VLOOKUP($Y$25,$A$4:$U$18,18),IF(X28="Filter Drier",VLOOKUP($Y$25,$A$4:$U$18,19),IF(X28="Suction Filter",VLOOKUP($Y$25,$A$4:$U$18,20),IF(X28="Other",VLOOKUP($Y$25,$A$4:$U$18,21),"FALSE")))))) -> FALSE | Z31: 4th Attempt
A33: 2nd Component | F33: 5th Component | L33: 2nd Component | R33: 2nd Component | X33: 2nd Component
A34: ='R-410A_Calculator'!C21 -> 45° Std Elbow | B34: =IF(A34="Click here to select fitting.",0,IF(A34="90° Std Elbow",VLOOKUP($B$25,$A$4:$U$18,2),IF(A34="90° Long Radius Elbow",VLOOKUP($B$25,$A$4:$U$18,3),IF(A34="90° Street Elbow",VLOOKUP($B$25,$A$4:$U$18,4),"FALSE")))) -> FALSE | C34: 1st Attempt | D34: =IF(MAX(B34:B37)<0,"Enter Value",MAX(B34:B37)) -> 0.75 | E34: FT | F34: ='R-410A_Calculator'!C24 -> Filter Drier | G34: =IF(F34="Click here to select fitting.",0,IF(F34="90° Std Elbow",VLOOKUP($B$25,$A$4:$U$18,2),IF(F34="90° Long Radius Elbow",VLOOKUP($B$25,$A$4:$U$18,3),IF(F34="90° Street Elbow",VLOOKUP($B$25,$A$4:$U$18,4),"FALSE")))) -> FALSE | H34: 1st Attempt | I34: =IF(MAX(G34:G37)<0,"Enter Value",MAX(G34:G37)) -> 13.5 | J34: FT | L34: ='R-410A_Calculator'!C36 -> 45° Std Elbow | M34: =IF(L34="Click here to select fitting.",0,IF(L34="90° Std Elbow",VLOOKUP($M$25,$A$4:$U$18,2),IF(L34="90° Long Radius Elbow",VLOOKUP($M$25,$A$4:$U$18,3),IF(L34="90° Street Elbow",VLOOKUP($M$25,$A$4:$U$18,4),"FALSE")))) -> FALSE | N34: 1st Attempt | O34: =IF(MAX(M34:M37)<0,"Enter Value",MAX(M34:M37)) -> 1.7 | P34: FT | R34: ='R-410A_Calculator'!C78 -> 45° Std Elbow | S34: =IF(R34="Click here to select fitting.",0,IF(R34="90° Std Elbow",VLOOKUP($S$25,$A$4:$U$18,2),IF(R34="90° Long Radius Elbow",VLOOKUP($S$25,$A$4:$U$18,3),IF(R34="90° Street Elbow",VLOOKUP($S$25,$A$4:$U$18,4),"FALSE")))) -> FALSE | T34: 1st Attempt | U34: =IF(MAX(S34:S37)<0,"Enter Value",MAX(S34:S37)) -> 1.7 | V34: FT | X34: ='R-410A_Calculator'!C68 -> 45° Std Elbow | Y34: =IF(X34="Click here to select fitting.",0,IF(X34="90° Std Elbow",VLOOKUP($Y$25,$A$4:$U$18,2),IF(X34="90° Long Radius Elbow",VLOOKUP($Y$25,$A$4:$U$18,3),IF(X34="90° Street Elbow",VLOOKUP($Y$25,$A$4:$U$18,4),"FALSE")))) -> FALSE | Z34: 1st Attempt | AA34: =IF(MAX(Y34:Y37)<0,"Enter Value",MAX(Y34:Y37)) -> 0.7 | AB34: FT
B35: =IF(B34="FALSE",IF(A34="45° Std Elbow",VLOOKUP($B$25,$A$4:$U$18,5),IF(A34="45° Street Elbow",VLOOKUP($B$25,$A$4:$U$18,6),IF(A34="180° Std Elbow",VLOOKUP($B$25,$A$4:$U$18,7),IF(A34="Flow Through Branch",VLOOKUP($B$25,$A$4:$U$18,8),IF(A34="Straight-Through Flow No Reduction",VLOOKUP($B$25,$A$4:$U$18,9),IF(A34="Straight-Through Flow Reduced 1/4",VLOOKUP($B$25,$A$4:$U$18,10),"FALSE"))))))) -> 0.75 | C35: 2nd Attempt | D35: ='R-410A_Calculator'!D21 -> 0 | E35: QTY | G35: =IF(G34="FALSE",IF(F34="45° Std Elbow",VLOOKUP($B$25,$A$4:$U$18,5),IF(F34="45° Street Elbow",VLOOKUP($B$25,$A$4:$U$18,6),IF(F34="180° Std Elbow",VLOOKUP($B$25,$A$4:$U$18,7),IF(F34="Flow Through Branch",VLOOKUP($B$25,$A$4:$U$18,8),IF(F34="Straight-Through Flow No Reduction",VLOOKUP($B$25,$A$4:$U$18,9),IF(F34="Straight-Through Flow Reduced 1/4",VLOOKUP($B$25,$A$4:$U$18,10),"FALSE"))))))) -> FALSE | H35: 2nd Attempt | I35: ='R-410A_Calculator'!D24 -> 1 | J35: QTY | M35: =IF(M34="FALSE",IF(L34="45° Std Elbow",VLOOKUP($M$25,$A$4:$U$18,5),IF(L34="45° Street Elbow",VLOOKUP($M$25,$A$4:$U$18,6),IF(L34="180° Std Elbow",VLOOKUP($M$25,$A$4:$U$18,7),IF(L34="Flow Through Branch",VLOOKUP($M$25,$A$4:$U$18,8),IF(L34="Straight-Through Flow No Reduction",VLOOKUP($M$25,$A$4:$U$18,9),IF(L34="Straight-Through Flow Reduced 1/4",VLOOKUP($M$25,$A$4:$U$18,10),"FALSE"))))))) -> 1.7 | N35: 2nd Attempt | O35: ='R-410A_Calculator'!D36 -> 0 | P35: QTY | S35: =IF(S34="FALSE",IF(R34="45° Std Elbow",VLOOKUP($S$25,$A$4:$U$18,5),IF(R34="45° Street Elbow",VLOOKUP($S$25,$A$4:$U$18,6),IF(R34="180° Std Elbow",VLOOKUP($S$25,$A$4:$U$18,7),IF(R34="Flow Through Branch",VLOOKUP($S$25,$A$4:$U$18,8),IF(R34="Straight-Through Flow No Reduction",VLOOKUP($S$25,$A$4:$U$18,9),IF(R34="Straight-Through Flow Reduced 1/4",VLOOKUP($S$25,$A$4:$U$18,10),"FALSE"))))))) -> 1.7 | T35: 2nd Attempt | U35: ='R-410A_Calculator'!D78 -> 0 | V35: QTY | Y35: =IF(Y34="FALSE",IF(X34="45° Std Elbow",VLOOKUP($Y$25,$A$4:$U$18,5),IF(X34="45° Street Elbow",VLOOKUP($Y$25,$A$4:$U$18,6),IF(X34="180° Std Elbow",VLOOKUP($Y$25,$A$4:$U$18,7),IF(X34="Flow Through Branch",VLOOKUP($Y$25,$A$4:$U$18,8),IF(X34="Straight-Through Flow No Reduction",VLOOKUP($Y$25,$A$4:$U$18,9),IF(X34="Straight-Through Flow Reduced 1/4",VLOOKUP($Y$25,$A$4:$U$18,10),"FALSE"))))))) -> 0.7 | Z35: 2nd Attempt | AA35: ='R-410A_Calculator'!D68 -> 0 | AB35: QTY
B36: =IF(B35="FALSE",IF(A34="Straight-Through Flow Reduced 1/2",VLOOKUP($B$25,$A$4:$U$18,11),IF(A34="Globe or Solenoid Valve",VLOOKUP($B$25,$A$4:$U$18,12),IF(A34="60° Wye Valve",VLOOKUP($B$25,$A$4:$U$18,13),IF(A34="45° Wye Valve",VLOOKUP($B$25,$A$4:$U$18,14),IF(A34="Angle Valve",VLOOKUP($B$25,$A$4:$U$18,15),IF(A34="Gate Valve",VLOOKUP($B$25,$A$4:$U$18,16),"FALSE"))))))) -> FALSE | C36: 3rd Attempt | D36: =IF(D34="Enter Value","No Data",D34*D35) -> 0 | E36: FT | G36: =IF(G35="FALSE",IF(F34="Straight-Through Flow Reduced 1/2",VLOOKUP($B$25,$A$4:$U$18,11),IF(F34="Globe or Solenoid Valve",VLOOKUP($B$25,$A$4:$U$18,12),IF(F34="60° Wye Valve",VLOOKUP($B$25,$A$4:$U$18,13),IF(F34="45° Wye Valve",VLOOKUP($B$25,$A$4:$U$18,14),IF(F34="Angle Valve",VLOOKUP($B$25,$A$4:$U$18,15),IF(F34="Gate Valve",VLOOKUP($B$25,$A$4:$U$18,16),"FALSE"))))))) -> FALSE | H36: 3rd Attempt | I36: =IF(I34="Enter Value","No Data",I34*I35) -> 13.5 | J36: FT | M36: =IF(M35="FALSE",IF(L34="Straight-Through Flow Reduced 1/2",VLOOKUP($M$25,$A$4:$U$18,11),IF(L34="Globe or Solenoid Valve",VLOOKUP($M$25,$A$4:$U$18,12),IF(L34="60° Wye Valve",VLOOKUP($M$25,$A$4:$U$18,13),IF(L34="45° Wye Valve",VLOOKUP($M$25,$A$4:$U$18,14),IF(L34="Angle Valve",VLOOKUP($M$25,$A$4:$U$18,15),IF(L34="Gate Valve",VLOOKUP($M$25,$A$4:$U$18,16),"FALSE"))))))) -> FALSE | N36: 3rd Attempt | O36: =IF(O34="Enter Value","No Data",O34*O35) -> 0 | P36: FT | S36: =IF(S35="FALSE",IF(R34="Straight-Through Flow Reduced 1/2",VLOOKUP($S$25,$A$4:$U$18,11),IF(R34="Globe or Solenoid Valve",VLOOKUP($S$25,$A$4:$U$18,12),IF(R34="60° Wye Valve",VLOOKUP($S$25,$A$4:$U$18,13),IF(R34="45° Wye Valve",VLOOKUP($S$25,$A$4:$U$18,14),IF(R34="Angle Valve",VLOOKUP($S$25,$A$4:$U$18,15),IF(R34="Gate Valve",VLOOKUP($S$25,$A$4:$U$18,16),"FALSE"))))))) -> FALSE | T36: 3rd Attempt | U36: =IF(U34="Enter Value","No Data",U34*U35) -> 0 | V36: FT | Y36: =IF(Y35="FALSE",IF(X34="Straight-Through Flow Reduced 1/2",VLOOKUP($Y$25,$A$4:$U$18,11),IF(X34="Globe or Solenoid Valve",VLOOKUP($Y$25,$A$4:$U$18,12),IF(X34="60° Wye Valve",VLOOKUP($Y$25,$A$4:$U$18,13),IF(X34="45° Wye Valve",VLOOKUP($Y$25,$A$4:$U$18,14),IF(X34="Angle Valve",VLOOKUP($Y$25,$A$4:$U$18,15),IF(X34="Gate Valve",VLOOKUP($Y$25,$A$4:$U$18,16),"FALSE"))))))) -> FALSE | Z36: 3rd Attempt | AA36: =IF(AA34="Enter Value","No Data",AA34*AA35) -> 0 | AB36: FT
B37: =IF(B36="FALSE",IF(A34="Swing Check",VLOOKUP($B$25,$A$4:$U$18,17),IF(A34="Sight Glass",VLOOKUP($B$25,$A$4:$U$18,18),IF(A34="Filter Drier",VLOOKUP($B$25,$A$4:$U$18,19),IF(A34="Suction Filter",VLOOKUP($B$25,$A$4:$U$18,20),IF(A34="Other",VLOOKUP($B$25,$A$4:$U$18,21),"FALSE")))))) -> FALSE | C37: 4th Attempt | G37: =IF(G36="FALSE",IF(F34="Swing Check",VLOOKUP($B$25,$A$4:$U$18,17),IF(F34="Sight Glass",VLOOKUP($B$25,$A$4:$U$18,18),IF(F34="Filter Drier",VLOOKUP($B$25,$A$4:$U$18,19),IF(F34="Suction Filter",VLOOKUP($B$25,$A$4:$U$18,20),IF(F34="Other",VLOOKUP($B$25,$A$4:$U$18,21),"FALSE")))))) -> 13.5 | H37: 4th Attempt | M37: =IF(M36="FALSE",IF(L34="Swing Check",VLOOKUP($M$25,$A$4:$U$18,17),IF(L34="Sight Glass",VLOOKUP($M$25,$A$4:$U$18,18),IF(L34="Filter Drier",VLOOKUP($M$25,$A$4:$U$18,19),IF(L34="Suction Filter",VLOOKUP($M$25,$A$4:$U$18,20),IF(L34="Other",VLOOKUP($M$25,$A$4:$U$18,21),"FALSE")))))) -> FALSE | N37: 4th Attempt | S37: =IF(S36="FALSE",IF(R34="Swing Check",VLOOKUP($S$25,$A$4:$U$18,17),IF(R34="Sight Glass",VLOOKUP($S$25,$A$4:$U$18,18),IF(R34="Filter Drier",VLOOKUP($S$25,$A$4:$U$18,19),IF(R34="Suction Filter",VLOOKUP($S$25,$A$4:$U$18,20),IF(R34="Other",VLOOKUP($S$25,$A$4:$U$18,21),"FALSE")))))) -> FALSE | T37: 4th Attempt | Y37: =IF(Y36="FALSE",IF(X34="Swing Check",VLOOKUP($Y$25,$A$4:$U$18,17),IF(X34="Sight Glass",VLOOKUP($Y$25,$A$4:$U$18,18),IF(X34="Filter Drier",VLOOKUP($Y$25,$A$4:$U$18,19),IF(X34="Suction Filter",VLOOKUP($Y$25,$A$4:$U$18,20),IF(X34="Other",VLOOKUP($Y$25,$A$4:$U$18,21),"FALSE")))))) -> FALSE | Z37: 4th Attempt
A39: 3rd Component | F39: 6th Component | L39: 3rd Component | R39: 3rd Component | X39: 3rd Component
A40: ='R-410A_Calculator'!C22 -> Globe or Solenoid Valve | B40: =IF(A40="Click here to select fitting.",0,IF(A40="90° Std Elbow",VLOOKUP($B$25,$A$4:$U$18,2),IF(A40="90° Long Radius Elbow",VLOOKUP($B$25,$A$4:$U$18,3),IF(A40="90° Street Elbow",VLOOKUP($B$25,$A$4:$U$18,4),"FALSE")))) -> FALSE | C40: 1st Attempt | D40: =IF(MAX(B40:B43)<0,"Enter Value",MAX(B40:B43)) -> 17.5 | E40: FT | F40: ='R-410A_Calculator'!C25 -> Click here to select fitting. | G40: =IF(F40="Click here to select fitting.",0,IF(F40="90° Std Elbow",VLOOKUP($B$25,$A$4:$U$18,2),IF(F40="90° Long Radius Elbow",VLOOKUP($B$25,$A$4:$U$18,3),IF(F40="90° Street Elbow",VLOOKUP($B$25,$A$4:$U$18,4),"FALSE")))) -> 0 | H40: 1st Attempt | I40: =IF(MAX(G40:G43)<0,"Enter Value",MAX(G40:G43)) -> 0 | J40: FT | L40: ='R-410A_Calculator'!C37 -> Click here to select fitting. | M40: =IF(L40="Click here to select fitting.",0,IF(L40="90° Std Elbow",VLOOKUP($M$25,$A$4:$U$18,2),IF(L40="90° Long Radius Elbow",VLOOKUP($B$25,$A$4:$U$18,3),IF(L40="90° Street Elbow",VLOOKUP($M$25,$A$4:$U$18,4),"FALSE")))) -> 0 | N40: 1st Attempt | O40: =IF(MAX(M40:M43)<0,"Enter Value",MAX(M40:M43)) -> 0 | P40: FT | R40: ='R-410A_Calculator'!C79 -> Click here to select fitting. | S40: =IF(R40="Click here to select fitting.",0,IF(R40="90° Std Elbow",VLOOKUP($S$25,$A$4:$U$18,2),IF(R40="90° Long Radius Elbow",VLOOKUP($S$25,$A$4:$U$18,3),IF(R40="90° Street Elbow",VLOOKUP($S$25,$A$4:$U$18,4),"FALSE")))) -> 0 | T40: 1st Attempt | U40: =IF(MAX(S40:S43)<0,"Enter Value",MAX(S40:S43)) -> 0 | V40: FT | X40: ='R-410A_Calculator'!C69 -> Globe or Solenoid Valve | Y40: =IF(X40="Click here to select fitting.",0,IF(X40="90° Std Elbow",VLOOKUP($Y$25,$A$4:$U$18,2),IF(X40="90° Long Radius Elbow",VLOOKUP($Y$25,$A$4:$U$18,3),IF(X40="90° Street Elbow",VLOOKUP($Y$25,$A$4:$U$18,4),"FALSE")))) -> FALSE | Z40: 1st Attempt | AA40: =IF(MAX(Y40:Y43)<0,"Enter Value",MAX(Y40:Y43)) -> 17 | AB40: FT
B41: =IF(B40="FALSE",IF(A40="45° Std Elbow",VLOOKUP($B$25,$A$4:$U$18,5),IF(A40="45° Street Elbow",VLOOKUP($B$25,$A$4:$U$18,6),IF(A40="180° Std Elbow",VLOOKUP($B$25,$A$4:$U$18,7),IF(A40="Flow Through Branch",VLOOKUP($B$25,$A$4:$U$18,8),IF(A40="Straight-Through Flow No Reduction",VLOOKUP($B$25,$A$4:$U$18,9),IF(A40="Straight-Through Flow Reduced 1/4",VLOOKUP($B$25,$A$4:$U$18,10),"FALSE"))))))) -> FALSE | C41: 2nd Attempt | D41: ='R-410A_Calculator'!D22 -> 1 | E41: QTY | G41: =IF(G40="FALSE",IF(F40="45° Std Elbow",VLOOKUP($B$25,$A$4:$U$18,5),IF(F40="45° Street Elbow",VLOOKUP($B$25,$A$4:$U$18,6),IF(F40="180° Std Elbow",VLOOKUP($B$25,$A$4:$U$18,7),IF(F40="Flow Through Branch",VLOOKUP($B$25,$A$4:$U$18,8),IF(F40="Straight-Through Flow No Reduction",VLOOKUP($B$25,$A$4:$U$18,9),IF(F40="Straight-Through Flow Reduced 1/4",VLOOKUP($B$25,$A$4:$U$18,10),"FALSE"))))))) -> FALSE | H41: 2nd Attempt | I41: ='R-410A_Calculator'!D25 -> 0 | J41: QTY | M41: =IF(M40="FALSE",IF(L40="45° Std Elbow",VLOOKUP($M$25,$A$4:$U$18,5),IF(L40="45° Street Elbow",VLOOKUP($M$25,$A$4:$U$18,6),IF(L40="180° Std Elbow",VLOOKUP($M$25,$A$4:$U$18,7),IF(L40="Flow Through Branch",VLOOKUP($M$25,$A$4:$U$18,8),IF(L40="Straight-Through Flow No Reduction",VLOOKUP($M$25,$A$4:$U$18,9),IF(L40="Straight-Through Flow Reduced 1/4",VLOOKUP($M$25,$A$4:$U$18,10),"FALSE"))))))) -> FALSE | N41: 2nd Attempt | O41: ='R-410A_Calculator'!D37 -> 0 | P41: QTY | S41: =IF(S40="FALSE",IF(R40="45° Std Elbow",VLOOKUP($S$25,$A$4:$U$18,5),IF(R40="45° Street Elbow",VLOOKUP($S$25,$A$4:$U$18,6),IF(R40="180° Std Elbow",VLOOKUP($S$25,$A$4:$U$18,7),IF(R40="Flow Through Branch",VLOOKUP($S$25,$A$4:$U$18,8),IF(R40="Straight-Through Flow No Reduction",VLOOKUP($S$25,$A$4:$U$18,9),IF(R40="Straight-Through Flow Reduced 1/4",VLOOKUP($S$25,$A$4:$U$18,10),"FALSE"))))))) -> FALSE | T41: 2nd Attempt | U41: ='R-410A_Calculator'!D79 -> 0 | V41: QTY | Y41: =IF(Y40="FALSE",IF(X40="45° Std Elbow",VLOOKUP($Y$25,$A$4:$U$18,5),IF(X40="45° Street Elbow",VLOOKUP($Y$25,$A$4:$U$18,6),IF(X40="180° Std Elbow",VLOOKUP($Y$25,$A$4:$U$18,7),IF(X40="Flow Through Branch",VLOOKUP($Y$25,$A$4:$U$18,8),IF(X40="Straight-Through Flow No Reduction",VLOOKUP($Y$25,$A$4:$U$18,9),IF(X40="Straight-Through Flow Reduced 1/4",VLOOKUP($Y$25,$A$4:$U$18,10),"FALSE"))))))) -> FALSE | Z41: 2nd Attempt | AA41: ='R-410A_Calculator'!D69 -> 1 | AB41: QTY
B42: =IF(B41="FALSE",IF(A40="Straight-Through Flow Reduced 1/2",VLOOKUP($B$25,$A$4:$U$18,11),IF(A40="Globe or Solenoid Valve",VLOOKUP($B$25,$A$4:$U$18,12),IF(A40="60° Wye Valve",VLOOKUP($B$25,$A$4:$U$18,13),IF(A40="45° Wye Valve",VLOOKUP($B$25,$A$4:$U$18,14),IF(A40="Angle Valve",VLOOKUP($B$25,$A$4:$U$18,15),IF(A40="Gate Valve",VLOOKUP($B$25,$A$4:$U$18,16),"FALSE"))))))) -> 17.5 | C42: 3rd Attempt | D42: =IF(D40="Enter Value","No Data",D40*D41) -> 17.5 | E42: FT | G42: =IF(G41="FALSE",IF(F40="Straight-Through Flow Reduced 1/2",VLOOKUP($B$25,$A$4:$U$18,11),IF(F40="Globe or Solenoid Valve",VLOOKUP($B$25,$A$4:$U$18,12),IF(F40="60° Wye Valve",VLOOKUP($B$25,$A$4:$U$18,13),IF(F40="45° Wye Valve",VLOOKUP($B$25,$A$4:$U$18,14),IF(F40="Angle Valve",VLOOKUP($B$25,$A$4:$U$18,15),IF(F40="Gate Valve",VLOOKUP($B$25,$A$4:$U$18,16),"FALSE"))))))) -> FALSE | H42: 3rd Attempt | I42: =IF(I40="Enter Value","No Data",I40*I41) -> 0 | J42: FT | M42: =IF(M41="FALSE",IF(L40="Straight-Through Flow Reduced 1/2",VLOOKUP($M$25,$A$4:$U$18,11),IF(L40="Globe or Solenoid Valve",VLOOKUP($M$25,$A$4:$U$18,12),IF(L40="60° Wye Valve",VLOOKUP($M$25,$A$4:$U$18,13),IF(L40="45° Wye Valve",VLOOKUP($M$25,$A$4:$U$18,14),IF(L40="Angle Valve",VLOOKUP($M$25,$A$4:$U$18,15),IF(L40="Gate Valve",VLOOKUP($M$25,$A$4:$U$18,16),"FALSE"))))))) -> FALSE | N42: 3rd Attempt | O42: =IF(O40="Enter Value","No Data",O40*O41) -> 0 | P42: FT | S42: =IF(S41="FALSE",IF(R40="Straight-Through Flow Reduced 1/2",VLOOKUP($S$25,$A$4:$U$18,11),IF(R40="Globe or Solenoid Valve",VLOOKUP($S$25,$A$4:$U$18,12),IF(R40="60° Wye Valve",VLOOKUP($S$25,$A$4:$U$18,13),IF(R40="45° Wye Valve",VLOOKUP($S$25,$A$4:$U$18,14),IF(R40="Angle Valve",VLOOKUP($S$25,$A$4:$U$18,15),IF(R40="Gate Valve",VLOOKUP($S$25,$A$4:$U$18,16),"FALSE"))))))) -> FALSE | T42: 3rd Attempt | U42: =IF(U40="Enter Value","No Data",U40*U41) -> 0 | V42: FT | Y42: =IF(Y41="FALSE",IF(X40="Straight-Through Flow Reduced 1/2",VLOOKUP($Y$25,$A$4:$U$18,11),IF(X40="Globe or Solenoid Valve",VLOOKUP($Y$25,$A$4:$U$18,12),IF(X40="60° Wye Valve",VLOOKUP($Y$25,$A$4:$U$18,13),IF(X40="45° Wye Valve",VLOOKUP($Y$25,$A$4:$U$18,14),IF(X40="Angle Valve",VLOOKUP($Y$25,$A$4:$U$18,15),IF(X40="Gate Valve",VLOOKUP($Y$25,$A$4:$U$18,16),"FALSE"))))))) -> 17 | Z42: 3rd Attempt | AA42: =IF(AA40="Enter Value","No Data",AA40*AA41) -> 17 | AB42: FT
B43: =IF(B42="FALSE",IF(A40="Swing Check",VLOOKUP($B$25,$A$4:$U$18,17),IF(A40="Sight Glass",VLOOKUP($B$25,$A$4:$U$18,18),IF(A40="Filter Drier",VLOOKUP($B$25,$A$4:$U$18,19),IF(A40="Suction Filter",VLOOKUP($B$25,$A$4:$U$18,20),IF(A40="Other",VLOOKUP($B$25,$A$4:$U$18,21),"FALSE")))))) -> FALSE | C43: 4th Attempt | G43: =IF(G42="FALSE",IF(F40="Swing Check",VLOOKUP($B$25,$A$4:$U$18,17),IF(F40="Sight Glass",VLOOKUP($B$25,$A$4:$U$18,18),IF(F40="Filter Drier",VLOOKUP($B$25,$A$4:$U$18,19),IF(F40="Suction Filter",VLOOKUP($B$25,$A$4:$U$18,20),IF(F40="Other",VLOOKUP($B$25,$A$4:$U$18,21),"FALSE")))))) -> FALSE | H43: 4th Attempt | M43: =IF(M42="FALSE",IF(L40="Swing Check",VLOOKUP($M$25,$A$4:$U$18,17),IF(L40="Sight Glass",VLOOKUP($M$25,$A$4:$U$18,18),IF(L40="Filter Drier",VLOOKUP($M$25,$A$4:$U$18,19),IF(L40="Suction Filter",VLOOKUP($M$25,$A$4:$U$18,20),IF(L40="Other",VLOOKUP($M$25,$A$4:$U$18,21),"FALSE")))))) -> FALSE | N43: 4th Attempt | S43: =IF(S42="FALSE",IF(R40="Swing Check",VLOOKUP($S$25,$A$4:$U$18,17),IF(R40="Sight Glass",VLOOKUP($S$25,$A$4:$U$18,18),IF(R40="Filter Drier",VLOOKUP($S$25,$A$4:$U$18,19),IF(R40="Suction Filter",VLOOKUP($S$25,$A$4:$U$18,20),IF(R40="Other",VLOOKUP($S$25,$A$4:$U$18,21),"FALSE")))))) -> FALSE | T43: 4th Attempt | Y43: =IF(Y42="FALSE",IF(X40="Swing Check",VLOOKUP($Y$25,$A$4:$U$18,17),IF(X40="Sight Glass",VLOOKUP($Y$25,$A$4:$U$18,18),IF(X40="Filter Drier",VLOOKUP($Y$25,$A$4:$U$18,19),IF(X40="Suction Filter",VLOOKUP($Y$25,$A$4:$U$18,20),IF(X40="Other",VLOOKUP($Y$25,$A$4:$U$18,21),"FALSE")))))) -> FALSE | Z43: 4th Attempt

Sheet R-410A_Min_Suction_Riser_Cap
A1: 2006 ASHRAE Handbook Refrigeration | F1: Table Data | H1: Inputs | J1: Calculated Data
A3: Table 12 (App Guide) Minimum Refrigeration Capacity in Tons for Oil Entrainment up Suction Risers
A4: Saturated Suction Temperature | B4: Suction Superheat | C4: Pipe O.D. (Inches)
C5: 0.5 | D5: 0.625 | E5: 0.75 | F5: 0.875 | G5: 1.125 | H5: 1.375 | I5: 1.625 | J5: 2.125 | K5: 2.625 | L5: 3.125 | M5: 3.625 | N5: 4.125
C6: Area (in2)
A7: oF | B7: oF | C7: 0.146 | D7: 0.233 | E7: 0.348 | F7: 0.484 | G7: 0.825 | H7: 1.256 | I7: 1.78 | J7: 3.094 | K7: 4.77 | L7: 6.812 | M7: 9.213 | N7: 11.97
A8: 0 | B8: 10 | C8: 0.167 | D8: 0.317 | E8: 0.542 | F8: 0.833 | G8: 1.67 | H8: 2.92 | I8: 4.58 | J8: 9.58 | K8: 17.17 | L8: 26.67 | M8: 40 | N8: 55.83
A9: 20 | B9: 10 | C9: 0.192 | D9: 0.363 | E9: 0.667 | F9: 0.958 | G9: 1.96 | H9: 3.42 | I9: 5.33 | J9: 11.08 | K9: 19.58 | L9: 30.83 | M9: 45.83 | N9: 64.17
A10: 40 | B10: 10 | C10: 0.213 | D10: 0.4 | E10: 0.683 | F10: 1.067 | G10: 2.17 | H10: 3.75 | I10: 6 | J10: 12.42 | K10: 21.67 | L10: 35 | M10: 51.67 | N10: 71.67
A12: Suction Superheat | B12: 10
B13: oF | F13: Min. Suction Riser Capacity - Curve Fit | J13: Info Found Below Table 12 (App Guide) | R13: Min. Suction Riser Capacity - Curve Fit w/Multiplier
A14: Type L Copper, OD | B14: Saturated Suction Temperature, oF | F14: SST | G14: Type L Copper, OD | H14: Superheat | L14: Interpolation of Suction & Discharge Multipliers | T14: Determines Minimum Suction Riser Size | Z14: Determines Suction Riser Capacity
F15: oF | H15: 10 | J15: Condensing Temperature | K15: R-410A | L15: Act. Cond. Temp. | M15: Min # for Interpolation | N15: Max # for Interpolation | O15: Known x's | P15: Known y's Suction | Q15: Suction Riser | T15: Min. Suction Capacity | U15: Look Up Sufficient Suction Line Capacity | V15: Determine Minimum Suction Line Capacity | W15: Corresponding Suction Riser Size, OD | Z15: Table 3 - Curve Fit w/ Suction Multiplier
B16: 0 | C16: 20 | D16: 40 | F16: ='R-410A_Calculator'!D12 -> 40 | G16: inches | H16: oF | R16: Suction Riser Capacity | S16: Type L Copper, OD | Z16: Type L Copper, OD | AA16: Suction Line Capacity | AB16: Size of Suction Riser | AC16: Riser Capacity
A17: 0.5 | B17: {=TRANSPOSE(C8:N8)} -> 0.167 | C17: {=TRANSPOSE(C9:N9)} -> 0.192 | D17: {=TRANSPOSE(C10:N10)} -> 0.213 | G17: 0.5 | H17: =-0.000005*F16^2 + 0.0014*F16 + 0.167 -> 0.215 | J17: oF | K17: multiplier | L17: oF | Q17: multiplier | T17: tons
A18: 0.625 | B18: 0.317 | C18: 0.363 | D18: 0.4 | G18: 0.625 | H18: =-0.00001*F16^2 + 0.0025*F16 + 0.317 -> 0.401 | J18: 80 | K18: 1.05 | L18: ='R-410A_Calculator'!D11 -> 120 | M18: =IF($L$18>=J18,J18,"") -> 80 | N18: =IF($L$18<=J18,J18,"") | O18: =MAX(M18:M24) -> 120 | P18: =VLOOKUP(O18,J18:K24,2) -> 0.83 | Q18: =IF(L18=80,K18,IF(L18=90,K19,IF(L18=100,K20,IF(L18=110,K21,IF(L18=120,K22,IF(L18=130,K23,IF(L18=140,K24,FORECAST(L18,P18:P19,O18:O19)))))))) -> 0.83 | R18: tons | S18: inches | T18: ='R-410A_Calculator'!D10 -> 8.9 | AA18: tons | AB18: inches | AC18: tons
A19: 0.75 | B19: 0.542 | C19: 0.667 | D19: 0.683 | G19: 0.75 | H19: =-0.0001*F16^2 + 0.009*F16 + 0.542 -> 0.742 | J19: 90 | K19: 1 | M19: =IF($L$18>=J19,J19,"") -> 90 | N19: =IF($L$18<=J19,J19,"") | O19: =MIN(N18:N24) -> 120 | P19: =VLOOKUP(O19,J18:K24,2) -> 0.83 | R19: =$Q$18*H17 -> 0.17845 | S19: 0.5 | U19: =IF(R19<$T$18,R19,"") -> 0.17845 | V19: =MAX(U19:U30) -> 4.98 | W19: =VLOOKUP(V19,R19:S30,2) -> 1.625 | Z19: ='R-410A_Data'!AM8 -> 0.5 | AA19: ='R-410A_Data'!AL8 -> 0.7879207 | AB19: =W21 -> 1.375 | AC19: =VLOOKUP(AB19,Z19:AA32,2) -> 13.736828
A20: 0.875 | B20: 0.833 | C20: 0.958 | D20: 1.067 | G20: 0.875 | H20: =-0.00002*F16^2 + 0.0067*F16 + 0.833 -> 1.069 | J20: 100 | K20: 0.94 | M20: =IF($L$18>=J20,J20,"") -> 100 | N20: =IF($L$18<=J20,J20,"") | R20: =$Q$18*H18 -> 0.33283 | S20: 0.625 | U20: =IF(R20<$T$18,R20,"") -> 0.33283 | Z20: ='R-410A_Data'!AM9 -> 0.625 | AA20: ='R-410A_Data'!AL9 -> 1.445514
A21: 1.125 | B21: 1.67 | C21: 1.96 | D21: 2.17 | G21: 1.125 | H21: =-0.0001*F16^2 + 0.0165*F16 + 1.67 -> 2.17 | J21: 110 | K21: 0.9 | M21: =IF($L$18>=J21,J21,"") -> 110 | N21: =IF($L$18<=J21,J21,"") | R21: =$Q$18*H19 -> 0.61586 | S21: 0.75 | U21: =IF(R21<$T$18,R21,"") -> 0.61586 | W21: =IF(W19>'R-410A_Data'!$AQ$8,'R-410A_Data'!$AQ$8,'R-410A_Min_Suction_Riser_Cap'!W19) -> 1.375 | Z21: ='R-410A_Data'!AM10 -> 0.75 | AA21: ='R-410A_Data'!AL10 -> 2.5060021
A22: 1.375 | B22: 2.92 | C22: 3.42 | D22: 3.75 | G22: 1.375 | H22: =-0.0002*F16^2 + 0.0292*F16 + 2.92 -> 3.768 | J22: 120 | K22: 0.83 | M22: =IF($L$18>=J22,J22,"") -> 120 | N22: =IF($L$18<=J22,J22,"") -> 120 | R22: =$Q$18*H20 -> 0.88727 | S22: 0.875 | U22: =IF(R22<$T$18,R22,"") -> 0.88727 | W22: checks to make sure scution riser isn't | Z22: ='R-410A_Data'!AM11 -> 0.875 | AA22: ='R-410A_Data'!AL11 -> 3.8491033
A23: 1.625 | B23: 4.58 | C23: 5.33 | D23: 6 | G23: 1.625 | H23: =-0.0001*F16^2 + 0.0395*F16 + 4.58 -> 6 | J23: 130 | K23: 0.77 | M23: =IF($L$18>=J23,J23,"") | N23: =IF($L$18<=J23,J23,"") -> 130 | R23: =$Q$18*H21 -> 1.8011 | S23: 1.125 | U23: =IF(R23<$T$18,R23,"") -> 1.8011 | W23: larger than horizontal suction pipe | Z23: ='R-410A_Data'!AM12 -> 1.125 | AA23: ='R-410A_Data'!AL12 -> 7.9164561
A24: 2.125 | B24: 9.58 | C24: 11.08 | D24: 12.42 | G24: 2.125 | H24: =-0.0002*F16^2 + 0.079*F16 + 9.58 -> 12.42 | J24: 140 | K24: 0.72 | M24: =IF($L$18>=J24,J24,"") | N24: =IF($L$18<=J24,J24,"") -> 140 | R24: =$Q$18*H22 -> 3.12744 | S24: 1.375 | U24: =IF(R24<$T$18,R24,"") -> 3.12744 | W24: =VLOOKUP(W21,S19:U30,3) -> 3.12744 | Z24: ='R-410A_Data'!AM13 -> 1.375 | AA24: ='R-410A_Data'!AL13 -> 13.736828
A25: 2.625 | B25: 17.17 | C25: 19.58 | D25: 21.67 | G25: 2.625 | H25: =-0.0004*F16^2 + 0.1285*F16 + 17.17 -> 21.67 | R25: =$Q$18*H23 -> 4.98 | S25: 1.625 | U25: =IF(R25<$T$18,R25,"") -> 4.98 | W25: capacity for above line size | Z25: ='R-410A_Data'!AM14 -> 1.625 | AA25: ='R-410A_Data'!AL14 -> 21.572474
A26: 3.125 | B26: 26.67 | C26: 30.83 | D26: 35 | G26: 3.125 | H26: =0.00001*F16^2 + 0.2078*F16 + 26.67 -> 34.998 | R26: =$Q$18*H24 -> 10.3086 | S26: 2.125 | U26: =IF(R26<$T$18,R26,"") | Z26: ='R-410A_Data'!AM15 -> 2.125 | AA26: ='R-410A_Data'!AL15 -> 44.581572
A27: 3.625 | B27: 40 | C27: 45.83 | D27: 51.67 | G27: 3.625 | H27: =0.00001*F16^2 + 0.2912*F16 + 40 -> 51.664 | R27: =$Q$18*H25 -> 17.9861 | S27: 2.625 | U27: =IF(R27<$T$18,R27,"") | Z27: ='R-410A_Data'!AM16 -> 2.625 | AA27: ='R-410A_Data'!AL16 -> 78.424913
A28: 4.125 | B28: 55.83 | C28: 64.17 | D28: 71.67 | G28: 4.125 | H28: =-0.0011*F16^2 + 0.438*F16 + 55.83 -> 71.59 | R28: =$Q$18*H26 -> 29.04834 | S28: 3.125 | U28: =IF(R28<$T$18,R28,"") | Z28: ='R-410A_Data'!AM17 -> 3.125 | AA28: ='R-410A_Data'!AL17 -> 124.9205
R29: =$Q$18*H27 -> 42.88112 | S29: 3.625 | U29: =IF(R29<$T$18,R29,"") | Z29: ='R-410A_Data'!AM18 -> 3.625 | AA29: ='R-410A_Data'!AL18 -> 185.15381
R30: =$Q$18*H28 -> 59.4197 | S30: 4.125 | U30: =IF(R30<$T$18,R30,"") | Z30: ='R-410A_Data'!AM19 -> 4.125 | AA30: ='R-410A_Data'!AL19 -> 260.75259
Z31: ='R-410A_Data'!AM20 -> 5.125 | AA31: ='R-410A_Data'!AL20 -> 464.3087
Z32: ='R-410A_Data'!AM21 -> 6.125 | AA32: ='R-410A_Data'!AL21 -> 745.23803

Sheet R-410A_Min_Hot-Gas_Riser_Cap
A1: 2006 ASHRAE Handbook Refrigeration | F1: Table Data | H1: Inputs | J1: Calculated Data
A3: Table 16 (App Guide) Minimum Refrigeration Capacity in Tons for Oil Entrainment up Hot-Gas Risers
A4: Saturated Temperature | B4: Discharge Superheat | C4: Pipe O.D. (Inches)
C5: 0.5 | D5: 0.625 | E5: 0.75 | F5: 0.875 | G5: 1.125 | H5: 1.375 | I5: 1.625 | J5: 2.125 | K5: 2.625 | L5: 3.125 | M5: 3.625 | N5: 4.125
C6: Area (in2)
A7: oF | B7: oF | C7: 0.146 | D7: 0.233 | E7: 0.348 | F7: 0.484 | G7: 0.825 | H7: 1.256 | I7: 1.78 | J7: 3.094 | K7: 4.77 | L7: 6.812 | M7: 9.213 | N7: 11.97
A8: 80 | B8: 60 | C8: 0.33 | D8: 0.61 | E8: 1.06 | F8: 1.59 | G8: 3.19 | H8: 5.54 | I8: 8.75 | J8: 13.8 | K8: 24.4 | L8: 38.9 | M8: 57.8 | N8: 81.7
A9: 100 | B9: 60 | C9: 0.34 | D9: 0.628 | E9: 1.092 | F9: 1.638 | G9: 3.29 | H9: 5.71 | I9: 9.01 | J9: 14.21 | K9: 25.13 | L9: 40.04 | M9: 59.53 | N9: 84.15
A10: 120 | B10: 60 | C10: 0.35 | D10: 0.647 | E10: 1.125 | F10: 1.687 | G10: 3.38 | H10: 5.88 | I10: 9.28 | J10: 14.64 | K10: 25.89 | L10: 41.27 | M10: 61.32 | N10: 86.68
A12: Discharge Superheat | B12: 60 | G12: Min. Discharge Riser Capacity - Curve Fit | R12: Min. Discharge Riser Capacity - Curve Fit w/Multiplier
B13: oF | F13: Condensing Temperature | J13: Info Found Below Table 16 (App Guide) | T13: Determines Minimum Discharge Riser Size | Z13: Determines Discharge Riser Capacity
A14: Type L Copper, OD | G14: Type L Copper, OD | H14: Superheat | L14: Interpolation of Discharge Multipliers | T14: Min. Discharge Capacity | U14: Look Up Sufficient Discharge Line Capacity | V14: Determine Minimum Discharge Line Capacity | W14: Corresponding Discharge Riser Size, OD | Z14: Table 3 - Curve Fit w/ Discharge Multiplier
B15: Saturated Discharge Temperature, oF | F15: oF | H15: 30 | J15: Saturated Suction Temp | K15: R-410A | L15: Act. SST | M15: Min # for Interpolation | N15: Max # for Interpolation | O15: Known x's | P15: Known y's Discharge | Q15: Discharge Riser | R15: Discharge Riser Capacity | S15: Type L Copper, OD | Z15: Type L Copper, OD | AA15: Discharge Line Capacity | AB15: Size of Discharge Riser | AC15: Riser Capacity
B16: 80 | C16: 100 | D16: 120 | F16: ='R-410A_Calculator'!D11 -> 120 | G16: inches | H16: oF | T16: tons
A17: 0.5 | B17: {=TRANSPOSE(C8:N8)} -> 0.33 | C17: {=TRANSPOSE(C9:N9)} -> 0.34 | D17: {=TRANSPOSE(C10:N10)} -> 0.35 | F17: cond + superheat = discharge temp | G17: 0.5 | H17: =0.0000000000000000009*F16^2 + 0.0005*F16 + 0.29 -> 0.35 | J17: oF | K17: multiplier | L17: oF | Q17: multiplier | R17: tons | S17: inches | T17: ='R-410A_Calculator'!E85 -> N/A | AA17: tons | AB17: inches | AC17: tons
A18: 0.625 | B18: 0.61 | C18: 0.628 | D18: 0.647 | G18: 0.625 | H18: =0.000001*F16^2 + 0.0007*F16 + 0.548 -> 0.6464 | J18: 0 | K18: 0.9 | L18: ='R-410A_Calculator'!D12 -> 40 | M18: =IF($L$18>=J18,J18,"") -> 0 | N18: =IF($L$18<=J18,J18,"") | O18: =MAX(M18:M21) -> 40 | P18: =VLOOKUP(O18,J18:K21,2) -> 1 | Q18: =IF(L18=0,K18,IF(L18=20,K19,IF(L18=40,K20,IF(L18=60,K21,FORECAST(L18,P18:P19,O18:O19))))) -> 1 | R18: =$Q$18*H17 -> 0.35 | S18: 0.5 | U18: =IF(R18<$T$17,R18,"") -> 0.35 | V18: =MAX(U18:U29) -> 86.68 | W18: =VLOOKUP(V18,R18:S29,2) -> 4.125 | Z18: ='R-410A_Data'!AM8 -> 0.5 | AA18: ='R-410A_Data'!AB31 -> 1.45768 | AB18: =W20 -> 1.375 | AC18: =VLOOKUP(AB18,Z18:AA31,2) -> 25.077576
A19: 0.75 | B19: 1.06 | C19: 1.092 | D19: 1.125 | G19: 0.75 | H19: =0.000001*F16^2 + 0.0014*F16 + 0.942 -> 1.1244 | J19: 20 | K19: 0.94 | M19: =IF($L$18>=J19,J19,"") -> 20 | N19: =IF($L$18<=J19,J19,"") | O19: =MIN(N18:N21) -> 40 | P19: =VLOOKUP(O19,J18:K21,2) -> 1 | R19: =$Q$18*H18 -> 0.6464 | S19: 0.625 | U19: =IF(R19<$T$17,R19,"") -> 0.6464 | Z19: ='R-410A_Data'!AM9 -> 0.625 | AA19: ='R-410A_Data'!AB32 -> 2.727944
A20: 0.875 | B20: 1.59 | C20: 1.638 | D20: 1.687 | G20: 0.875 | H20: =0.000001*F16^2 + 0.0022*F16 + 1.408 -> 1.6864 | J20: 40 | K20: 1 | M20: =IF($L$18>=J20,J20,"") -> 40 | N20: =IF($L$18<=J20,J20,"") -> 40 | R20: =$Q$18*H19 -> 1.1244 | S20: 0.75 | U20: =IF(R20<$T$17,R20,"") -> 1.1244 | W20: =IF(W18>'R-410A_Data'!AG31,'R-410A_Data'!AG31,'R-410A_Min_Hot-Gas_Riser_Cap'!W18) -> 1.375 | Z20: ='R-410A_Data'!AM10 -> 0.75 | AA20: ='R-410A_Data'!AB33 -> 4.634984
A21: 1.125 | B21: 3.19 | C21: 3.29 | D21: 3.38 | G21: 1.125 | H21: =-0.00001*F16^2 + 0.0072*F16 + 2.69 -> 3.41 | J21: 60 | K21: 1.06 | M21: =IF($L$18>=J21,J21,"") | N21: =IF($L$18<=J21,J21,"") -> 60 | R21: =$Q$18*H20 -> 1.6864 | S21: 0.875 | U21: =IF(R21<$T$17,R21,"") -> 1.6864 | W21: checks to make sure discharge riser isn't | Z21: ='R-410A_Data'!AM11 -> 0.875 | AA21: ='R-410A_Data'!AB34 -> 7.14592
A22: 1.375 | B22: 5.54 | C22: 5.71 | D22: 5.88 | G22: 1.375 | H22: =0.0085*F16 + 4.86 -> 5.88 | R22: =$Q$18*H21 -> 3.41 | S22: 1.125 | U22: =IF(R22<$T$17,R22,"") -> 3.41 | W22: larger than horizontal discharge pipe | Z22: ='R-410A_Data'!AM12 -> 1.125 | AA22: ='R-410A_Data'!AB35 -> 14.433224
A23: 1.625 | B23: 8.75 | C23: 9.01 | D23: 9.28 | G23: 1.625 | H23: =0.00001*F16^2 + 0.0107*F16 + 7.81 -> 9.238 | R23: =$Q$18*H22 -> 5.88 | S23: 1.375 | U23: =IF(R23<$T$17,R23,"") -> 5.88 | W23: =VLOOKUP(W20,S18:U29,3) -> 5.88 | Z23: ='R-410A_Data'!AM13 -> 1.375 | AA23: ='R-410A_Data'!AB36 -> 25.077576
A24: 2.125 | B24: 13.8 | C24: 14.21 | D24: 14.64 | G24: 2.125 | H24: =0.00002*F16^2 + 0.016*F16 + 12.36 -> 14.568 | R24: =$Q$18*H23 -> 9.238 | S24: 1.625 | U24: =IF(R24<$T$17,R24,"") -> 9.238 | W24: capacity for above line size | Z24: ='R-410A_Data'!AM14 -> 1.625 | AA24: ='R-410A_Data'!AB37 -> 39.607248
A25: 2.625 | B25: 24.4 | C25: 25.13 | D25: 25.89 | G25: 2.625 | H25: =0.00004*F16^2 + 0.0297*F16 + 21.78 -> 25.92 | R25: =$Q$18*H24 -> 14.568 | S25: 2.125 | U25: =IF(R25<$T$17,R25,"") -> 14.568 | Z25: ='R-410A_Data'!AM15 -> 2.125 | AA25: ='R-410A_Data'!AB38 -> 82.823624
A26: 3.125 | B26: 38.9 | C26: 40.04 | D26: 41.27 | G26: 3.125 | H26: =0.0001*F16^2 + 0.0368*F16 + 35.24 -> 41.096 | R26: =$Q$18*H25 -> 25.92 | S26: 2.625 | U26: =IF(R26<$T$17,R26,"") -> 25.92 | Z26: ='R-410A_Data'!AM16 -> 2.625 | AA26: ='R-410A_Data'!AB39 -> 143.79739
A27: 3.625 | B27: 57.8 | C27: 59.53 | D27: 61.32 | G27: 3.625 | H27: =0.00008*F16^2 + 0.073*F16 + 51.48 -> 61.392 | R27: =$Q$18*H26 -> 41.096 | S27: 3.125 | U27: =IF(R27<$T$17,R27,"") -> 41.096 | Z27: ='R-410A_Data'!AM17 -> 3.125 | AA27: ='R-410A_Data'!AB40 -> 229.04208
A28: 4.125 | B28: 81.7 | C28: 84.15 | D28: 86.68 | G28: 4.125 | H28: =0.0001*F16^2 + 0.1045*F16 + 72.7 -> 86.68 | R28: =$Q$18*H27 -> 61.392 | S28: 3.625 | U28: =IF(R28<$T$17,R28,"") -> 61.392 | Z28: ='R-410A_Data'!AM18 -> 3.625 | AA28: ='R-410A_Data'!AB41 -> 339.36325
R29: =$Q$18*H28 -> 86.68 | S29: 4.125 | U29: =IF(R29<$T$17,R29,"") -> 86.68 | Z29: ='R-410A_Data'!AM19 -> 4.125 | AA29: ='R-410A_Data'!AB42 -> 477.74859
Z30: ='R-410A_Data'!AM20 -> 5.125 | AA30: ='R-410A_Data'!AB43 -> 851.28731
Z31: ='R-410A_Data'!AM21 -> 6.125 | AA31: ='R-410A_Data'!AB44 -> 1363.5511
